,Unnamed: 0,캠핑(야영)장명,캠핑(야영)장구분,위도,경도,주소_x,일반야영장수,자동차야영장,글램핑,카라반,화장실,샤워실,개수대,소화기,방화수,방화사,화재감지기,기타부대시설 1,기타부대시설 2,데이터기준일자_x,인허가일자,부지면적(제곱미터),사이트,관리기관명,관리기관전화,데이터기준일자_y,야영장전화번호,규모,부대_편의시설,홈페이지,데이터기준일자,전화번호_x,주소_y,연락처,전화번호_y,process1
2100,2100,깃대 캠핑장,일반야영장,36.3993759,127.8060746,충북 보은군 마로면 세중기대로 261-128,0,0,0,0,0,0,0,0,0,0,0,,,2019-07-12,2018-09-28,,,,,,,,,,,,,,,"{""Unnamed: 0"": 2100, ""캠핑(야영)장명"": ""깃대 캠핑장"", ""캠핑(야영)장구분"": ""일반야영장"", ""위도"": ""36.3993759"", ""경도"": ""127.8060746"", ""주소_x"": ""충북 보은군 마로면 세중기대로 261-128"", ""데이터기준일자_x"": ""2019-07-12"", ""인허가일자"": ""2018-09-28""}"
2101,2101,나드리 캠핑장,일반야영장,36.2922868,127.7407891,충북 옥천군 청성면 삼남2길 6,0,0,0,0,0,0,0,0,0,0,0,,,2019-07-12,2018-03-09,,,,,,,,,,,,,,,"{""Unnamed: 0"": 2101, ""캠핑(야영)장명"": ""나드리 캠핑장"", ""캠핑(야영)장구분"": ""일반야영장"", ""위도"": ""36.2922868"", ""경도"": ""127.7407891"", ""주소_x"": ""충북 옥천군 청성면 삼남2길 6"", ""데이터기준일자_x"": ""2019-07-12"", ""인허가일자"": ""2018-03-09""}"
2102,2102,솔베이캠핑장,일반야영장,36.8374176,127.9008354,충북 괴산군 감물면 충민로 1083-12,0,0,0,0,0,0,0,0,0,0,0,,,2019-07-12,2018-12-17,,,,,,,,,,,,,,,"{""Unnamed: 0"": 2102, ""캠핑(야영)장명"": ""솔베이캠핑장"", ""캠핑(야영)장구분"": ""일반야영장"", ""위도"": ""36.8374176"", ""경도"": ""127.9008354"", ""주소_x"": ""충북 괴산군 감물면 충민로 1083-12"", ""데이터기준일자_x"": ""2019-07-12"", ""인허가일자"": ""2018-12-17""}"
2103,2103,개차반캠핑장,일반야영장,36.8379468,127.6668837,충북 괴산군 사리면 소매1길 102,0,0,0,0,0,0,0,0,0,0,0,,,2019-07-12,2018-09-04,,,,,,,,,,,,,,,"{""Unnamed: 0"": 2103, ""캠핑(야영)장명"": ""개차반캠핑장"", ""캠핑(야영)장구분"": ""일반야영장"", ""위도"": ""36.8379468"", ""경도"": ""127.6668837"", ""주소_x"": ""충북 괴산군 사리면 소매1길 102"", ""데이터기준일자_x"": ""2019-07-12"", ""인허가일자"": ""2018-09-04""}"
2104,2104,갈론계곡캠핑장,일반야영장,36.737419,127.8464446,충북 괴산군 칠성면 칠성로10길 466-3,0,0,0,0,0,0,0,0,0,0,0,,,2019-07-12,2018-07-23,,,,,,,,,,,,,,,"{""Unnamed: 0"": 2104, ""캠핑(야영)장명"": ""갈론계곡캠핑장"", ""캠핑(야영)장구분"": ""일반야영장"", ""위도"": ""36.737419"", ""경도"": ""127.8464446"", ""주소_x"": ""충북 괴산군 칠성면 칠성로10길 466-3"", ""데이터기준일자_x"": ""2019-07-12"", ""인허가일자"": ""2018-07-23""}"
2105,2105,솔밭캠프,일반야영장,36.760471,127.8951925,충북 괴산군 칠성면 쌍곡로 322,0,0,0,0,0,0,0,0,0,0,0,,,2019-07-12,2018-04-24,,,,,,,,,,,,,,,"{""Unnamed: 0"": 2105, ""캠핑(야영)장명"": ""솔밭캠프"", ""캠핑(야영)장구분"": ""일반야영장"", ""위도"": ""36.760471"", ""경도"": ""127.8951925"", ""주소_x"": ""충북 괴산군 칠성면 쌍곡로 322"", ""데이터기준일자_x"": ""2019-07-12"", ""인허가일자"": ""2018-04-24""}"
2106,2106,원남지야영장,일반야영장,36.815381,127.786704,충청북도 음성군 원남면 조촌리 930,0,0,0,0,0,0,0,0,0,0,0,,,2019-07-12,2018-07-17,,,,,,,,,,,,,,,"{""Unnamed: 0"": 2106, ""캠핑(야영)장명"": ""원남지야영장"", ""캠핑(야영)장구분"": ""일반야영장"", ""위도"": ""36.815381"", ""경도"": ""127.786704"", ""주소_x"": ""충청북도 음성군 원남면 조촌리 930"", ""데이터기준일자_x"": ""2019-07-12"", ""인허가일자"": ""2018-07-17""}"
2107,2107,한스빌리지,일반야영장,37.0009739,128.4167961,충북 단양군 가곡면 새밭로 393,0,0,0,0,0,0,0,0,0,0,0,,,2019-07-12,2018-04-10,,,,,,,,,,,,,,,"{""Unnamed: 0"": 2107, ""캠핑(야영)장명"": ""한스빌리지"", ""캠핑(야영)장구분"": ""일반야영장"", ""위도"": ""37.0009739"", ""경도"": ""128.4167961"", ""주소_x"": ""충북 단양군 가곡면 새밭로 393"", ""데이터기준일자_x"": ""2019-07-12"", ""인허가일자"": ""2018-04-10""}"
2108,2108,파인 카라반 캠핑장,일반야영장,37.0571024,128.4162949,충북 단양군 가곡면 남한강로 1038,0,0,0,0,0,0,0,0,0,0,0,,,2019-07-12,2018-10-12,,,,,,,,,,,,,,,"{""Unnamed: 0"": 2108, ""캠핑(야영)장명"": ""파인 카라반 캠핑장"", ""캠핑(야영)장구분"": ""일반야영장"", ""위도"": ""37.0571024"", ""경도"": ""128.4162949"", ""주소_x"": ""충북 단양군 가곡면 남한강로 1038"", ""데이터기준일자_x"": ""2019-07-12"", ""인허가일자"": ""2018-10-12""}"
2109,2109,캠핑하우스,일반야영장,36.7925755,127.1445338,충남 천안시 동남구 용곡1길 98 (용곡동),0,0,0,0,0,0,0,0,0,0,0,,,2019-07-12,2018-06-12,,,,,,,,,,,,,,,"{""Unnamed: 0"": 2109, ""캠핑(야영)장명"": ""캠핑하우스"", ""캠핑(야영)장구분"": ""일반야영장"", ""위도"": ""36.7925755"", ""경도"": ""127.1445338"", ""주소_x"": ""충남 천안시 동남구 용곡1길 98 (용곡동)"", ""데이터기준일자_x"": ""2019-07-12"", ""인허가일자"": ""2018-06-12""}"
2110,2110,정안 주노글램핑,일반야영장,36.6106916,127.1231643,충남 공주시 정안면 광정장터길 88,0,0,0,0,0,0,0,0,0,0,0,,,2019-07-12,2018-09-17,,,,,,,,,,,,,,,"{""Unnamed: 0"": 2110, ""캠핑(야영)장명"": ""정안 주노글램핑"", ""캠핑(야영)장구분"": ""일반야영장"", ""위도"": ""36.6106916"", ""경도"": ""127.1231643"", ""주소_x"": ""충남 공주시 정안면 광정장터길 88"", ""데이터기준일자_x"": ""2019-07-12"", ""인허가일자"": ""2018-09-17""}"
2111,2111,놀자캠핑,일반야영장,36.5145522,127.0120138,충남 공주시 사곡면 해월길 60-13,0,0,0,0,0,0,0,0,0,0,0,,,2019-07-12,2018-11-15,,,,,,,,,,,,,,,"{""Unnamed: 0"": 2111, ""캠핑(야영)장명"": ""놀자캠핑"", ""캠핑(야영)장구분"": ""일반야영장"", ""위도"": ""36.5145522"", ""경도"": ""127.0120138"", ""주소_x"": ""충남 공주시 사곡면 해월길 60-13"", ""데이터기준일자_x"": ""2019-07-12"", ""인허가일자"": ""2018-11-15""}"
2112,2112,더반 힐 글램핑,일반야영장,36.4246923,126.5041884,충남 보령시 오천면 오천해안로 555,0,0,0,0,0,0,0,0,0,0,0,,,2019-07-12,2018-09-14,,,,,,,,,,,,,,,"{""Unnamed: 0"": 2112, ""캠핑(야영)장명"": ""더반 힐 글램핑"", ""캠핑(야영)장구분"": ""일반야영장"", ""위도"": ""36.4246923"", ""경도"": ""126.5041884"", ""주소_x"": ""충남 보령시 오천면 오천해안로 555"", ""데이터기준일자_x"": ""2019-07-12"", ""인허가일자"": ""2018-09-14""}"
2113,2113,팔봉갯벌체험야영장,일반야영장,36.859804,126.3378368,충남 서산시 팔봉면 범머리길 408,0,0,0,0,0,0,0,0,0,0,0,,,2019-07-12,2018-09-11,,,,,,,,,,,,,,,"{""Unnamed: 0"": 2113, ""캠핑(야영)장명"": ""팔봉갯벌체험야영장"", ""캠핑(야영)장구분"": ""일반야영장"", ""위도"": ""36.859804"", ""경도"": ""126.3378368"", ""주소_x"": ""충남 서산시 팔봉면 범머리길 408"", ""데이터기준일자_x"": ""2019-07-12"", ""인허가일자"": ""2018-09-11""}"
2114,2114,바다물결캠핑장,"일반야영장,카라반",36.8970836,126.2089105,충남 태안군 원북면 학암포길 31,0,0,0,7,2,2,0,9,2,0,8,"전기,무선인터넷,장작판매,온수,산책로,마트.편의점",,2019-07-12,2016-04-19,,,,,,,,,,,,,,,"{""Unnamed: 0"": 2114, ""캠핑(야영)장명"": ""바다물결캠핑장"", ""캠핑(야영)장구분"": ""일반야영장,카라반"", ""위도"": ""36.8970836"", ""경도"": ""126.2089105"", ""주소_x"": ""충남 태안군 원북면 학암포길 31"", ""카라반"": 7, ""화장실"": 2, ""샤워실"": 2, ""소화기"": 9, ""방화수"": 2, ""화재감지기"": 8, ""기타부대시설 1"": ""전기,무선인터넷,장작판매,온수,산책로,마트.편의점"", ""데이터기준일자_x"": ""2019-07-12"", ""인허가일자"": ""2016-04-19""}"
2115,2115,관리도캠핑장,일반야영장,35.8177416,126.3688876,전북 군산시 옥도면 관리도길 60-19,0,0,0,0,0,0,0,0,0,0,0,,,2019-07-12,2018-04-24,,,,,,,,,,,,,,,"{""Unnamed: 0"": 2115, ""캠핑(야영)장명"": ""관리도캠핑장"", ""캠핑(야영)장구분"": ""일반야영장"", ""위도"": ""35.8177416"", ""경도"": ""126.3688876"", ""주소_x"": ""전북 군산시 옥도면 관리도길 60-19"", ""데이터기준일자_x"": ""2019-07-12"", ""인허가일자"": ""2018-04-24""}"
2116,2116,수류산골야영장,일반야영장,35.6896197,127.038719,전북 김제시 금산면 수류로 557-75,0,0,0,0,0,0,0,0,0,0,0,,,2019-07-12,2018-11-26,,,,,,,,,,,,,,,"{""Unnamed: 0"": 2116, ""캠핑(야영)장명"": ""수류산골야영장"", ""캠핑(야영)장구분"": ""일반야영장"", ""위도"": ""35.6896197"", ""경도"": ""127.038719"", ""주소_x"": ""전북 김제시 금산면 수류로 557-75"", ""데이터기준일자_x"": ""2019-07-12"", ""인허가일자"": ""2018-11-26""}"
2117,2117,비채야영장,일반야영장,35.9256368,127.3064532,전북 완주군 동상면 동상로 1260-13,0,0,0,0,0,0,0,0,0,0,0,,,2019-07-12,2018-08-14,,,,,,,,,,,,,,,"{""Unnamed: 0"": 2117, ""캠핑(야영)장명"": ""비채야영장"", ""캠핑(야영)장구분"": ""일반야영장"", ""위도"": ""35.9256368"", ""경도"": ""127.3064532"", ""주소_x"": ""전북 완주군 동상면 동상로 1260-13"", ""데이터기준일자_x"": ""2019-07-12"", ""인허가일자"": ""2018-08-14""}"
2118,2118,로뎀하우스,일반야영장,36.0254826,127.3506666,전북 완주군 운주면 금고당로 1070-14,0,0,0,0,0,0,0,0,0,0,0,,,2019-07-12,2018-04-19,,,,,,,,,,,,,,,"{""Unnamed: 0"": 2118, ""캠핑(야영)장명"": ""로뎀하우스"", ""캠핑(야영)장구분"": ""일반야영장"", ""위도"": ""36.0254826"", ""경도"": ""127.3506666"", ""주소_x"": ""전북 완주군 운주면 금고당로 1070-14"", ""데이터기준일자_x"": ""2019-07-12"", ""인허가일자"": ""2018-04-19""}"
2119,2119,무주 향로산 자연휴양림,일반야영장,36.0241408,127.6698805,전북 무주군 무주읍 무학로 153-36,0,0,0,0,0,0,0,0,0,0,0,,,2019-07-12,2018-05-29,,,,,,,,,,,,,,,"{""Unnamed: 0"": 2119, ""캠핑(야영)장명"": ""무주 향로산 자연휴양림"", ""캠핑(야영)장구분"": ""일반야영장"", ""위도"": ""36.0241408"", ""경도"": ""127.6698805"", ""주소_x"": ""전북 무주군 무주읍 무학로 153-36"", ""데이터기준일자_x"": ""2019-07-12"", ""인허가일자"": ""2018-05-29""}"
2120,2120,옥수골계곡펜션야영장,일반야영장,35.966889,127.7162935,전북 무주군 적상면 옥소동길 52,0,0,0,0,0,0,0,0,0,0,0,,,2019-07-12,2018-03-27,,,,,,,,,,,,,,,"{""Unnamed: 0"": 2120, ""캠핑(야영)장명"": ""옥수골계곡펜션야영장"", ""캠핑(야영)장구분"": ""일반야영장"", ""위도"": ""35.966889"", ""경도"": ""127.7162935"", ""주소_x"": ""전북 무주군 적상면 옥소동길 52"", ""데이터기준일자_x"": ""2019-07-12"", ""인허가일자"": ""2018-03-27""}"
2121,2121,무주덕유산글램핑,일반야영장,35.8901936,127.8303093,전북 무주군 무풍면 오두재로 96,0,0,0,0,0,0,0,0,0,0,0,,,2019-07-12,2018-01-08,,,,,,,,,,,,,,,"{""Unnamed: 0"": 2121, ""캠핑(야영)장명"": ""무주덕유산글램핑"", ""캠핑(야영)장구분"": ""일반야영장"", ""위도"": ""35.8901936"", ""경도"": ""127.8303093"", ""주소_x"": ""전북 무주군 무풍면 오두재로 96"", ""데이터기준일자_x"": ""2019-07-12"", ""인허가일자"": ""2018-01-08""}"
2122,2122,핫캠핑장,일반야영장,35.4361901,127.0310162,전남 담양군 용면 용소길 131,0,0,0,0,0,0,0,0,0,0,0,,,2019-07-12,2018-10-29,,,,,,,,,,,,,,,"{""Unnamed: 0"": 2122, ""캠핑(야영)장명"": ""핫캠핑장"", ""캠핑(야영)장구분"": ""일반야영장"", ""위도"": ""35.4361901"", ""경도"": ""127.0310162"", ""주소_x"": ""전남 담양군 용면 용소길 131"", ""데이터기준일자_x"": ""2019-07-12"", ""인허가일자"": ""2018-10-29""}"
2123,2123,라온야영장,일반야영장,35.3760811,126.9958252,전남 담양군 용면 금성산성길 548,0,0,0,0,0,0,0,0,0,0,0,,,2019-07-12,2018-09-10,,,,,,,,,,,,,,,"{""Unnamed: 0"": 2123, ""캠핑(야영)장명"": ""라온야영장"", ""캠핑(야영)장구분"": ""일반야영장"", ""위도"": ""35.3760811"", ""경도"": ""126.9958252"", ""주소_x"": ""전남 담양군 용면 금성산성길 548"", ""데이터기준일자_x"": ""2019-07-12"", ""인허가일자"": ""2018-09-10""}"
2124,2124,하늘나리 캠핑장,일반야영장,35.1611949,127.3998607,전남 곡성군 죽곡면 상한길 255-4,0,0,0,0,0,0,0,0,0,0,0,,,2019-07-12,2018-05-01,,,,,,,,,,,,,,,"{""Unnamed: 0"": 2124, ""캠핑(야영)장명"": ""하늘나리 캠핑장"", ""캠핑(야영)장구분"": ""일반야영장"", ""위도"": ""35.1611949"", ""경도"": ""127.3998607"", ""주소_x"": ""전남 곡성군 죽곡면 상한길 255-4"", ""데이터기준일자_x"": ""2019-07-12"", ""인허가일자"": ""2018-05-01""}"
2125,2125,윤제림 숲속 야영장,일반야영장,34.8252749,127.2007167,전남 보성군 겸백면 주월산길 165-44,0,0,0,0,0,0,0,0,0,0,0,,,2019-07-12,2018-11-06,,,,,,,,,,,,,,,"{""Unnamed: 0"": 2125, ""캠핑(야영)장명"": ""윤제림 숲속 야영장"", ""캠핑(야영)장구분"": ""일반야영장"", ""위도"": ""34.8252749"", ""경도"": ""127.2007167"", ""주소_x"": ""전남 보성군 겸백면 주월산길 165-44"", ""데이터기준일자_x"": ""2019-07-12"", ""인허가일자"": ""2018-11-06""}"
2126,2126,덕룡산행복마을영농조합법인,일반야영장,34.5396797,126.6832373,전남 강진군 도암면 봉황로 617,0,0,0,0,0,0,0,0,0,0,0,,,2019-07-12,2017-07-07,,,,,,,,,,,,,,,"{""Unnamed: 0"": 2126, ""캠핑(야영)장명"": ""덕룡산행복마을영농조합법인"", ""캠핑(야영)장구분"": ""일반야영장"", ""위도"": ""34.5396797"", ""경도"": ""126.6832373"", ""주소_x"": ""전남 강진군 도암면 봉황로 617"", ""데이터기준일자_x"": ""2019-07-12"", ""인허가일자"": ""2017-07-07""}"
2127,2127,톱머리 글램핑장,일반야영장,34.9691293,126.3835195,전남 무안군 망운면 톱머리길 66-5,0,0,0,0,0,0,0,0,0,0,0,,,2019-07-12,2017-07-28,,,,,,,,,,,,,,,"{""Unnamed: 0"": 2127, ""캠핑(야영)장명"": ""톱머리 글램핑장"", ""캠핑(야영)장구분"": ""일반야영장"", ""위도"": ""34.9691293"", ""경도"": ""126.3835195"", ""주소_x"": ""전남 무안군 망운면 톱머리길 66-5"", ""데이터기준일자_x"": ""2019-07-12"", ""인허가일자"": ""2017-07-28""}"
2128,2128,회산백련지 오토캠핑장,"일반야영장,카라반",34.8600889,126.5298981,전라남도 무안군 일로읍 백련로 333,23,0,0,20,1,1,1,32,1,1,20,"전기,장작판매,온수,산책로,운동장",,2019-07-12,2016-06-28,,,,,,,,,,,,,,,"{""Unnamed: 0"": 2128, ""캠핑(야영)장명"": ""회산백련지 오토캠핑장"", ""캠핑(야영)장구분"": ""일반야영장,카라반"", ""위도"": ""34.8600889"", ""경도"": ""126.5298981"", ""주소_x"": ""전라남도 무안군 일로읍 백련로 333"", ""일반야영장수"": 23, ""카라반"": 20, ""화장실"": 1, ""샤워실"": 1, ""개수대"": 1, ""소화기"": 32, ""방화수"": 1, ""방화사"": 1, ""화재감지기"": 20, ""기타부대시설 1"": ""전기,장작판매,온수,산책로,운동장"", ""데이터기준일자_x"": ""2019-07-12"", ""인허가일자"": ""2016-06-28""}"
2129,2129,휴파크,일반야영장,35.3369546,126.4327066,전남 영광군 백수읍 법백로 39,0,0,0,0,0,0,0,0,0,0,0,,,2019-07-12,2018-10-02,,,,,,,,,,,,,,,"{""Unnamed: 0"": 2129, ""캠핑(야영)장명"": ""휴파크"", ""캠핑(야영)장구분"": ""일반야영장"", ""위도"": ""35.3369546"", ""경도"": ""126.4327066"", ""주소_x"": ""전남 영광군 백수읍 법백로 39"", ""데이터기준일자_x"": ""2019-07-12"", ""인허가일자"": ""2018-10-02""}"
2130,2130,솔내음 물댄동산 야영장,일반야영장,35.3027267,126.6545021,전남 장성군 삼계면 자초로 198,0,0,0,0,0,0,0,0,0,0,0,,,2019-07-12,2018-04-06,,,,,,,,,,,,,,,"{""Unnamed: 0"": 2130, ""캠핑(야영)장명"": ""솔내음 물댄동산 야영장"", ""캠핑(야영)장구분"": ""일반야영장"", ""위도"": ""35.3027267"", ""경도"": ""126.6545021"", ""주소_x"": ""전남 장성군 삼계면 자초로 198"", ""데이터기준일자_x"": ""2019-07-12"", ""인허가일자"": ""2018-04-06""}"
2131,2131,태청산관광힐링타운야영장,일반야영장,35.2874144,126.6207818,전남 장성군 삼계면 용매골길 202,0,0,0,0,0,0,0,0,0,0,0,,,2019-07-12,2018-08-02,,,,,,,,,,,,,,,"{""Unnamed: 0"": 2131, ""캠핑(야영)장명"": ""태청산관광힐링타운야영장"", ""캠핑(야영)장구분"": ""일반야영장"", ""위도"": ""35.2874144"", ""경도"": ""126.6207818"", ""주소_x"": ""전남 장성군 삼계면 용매골길 202"", ""데이터기준일자_x"": ""2019-07-12"", ""인허가일자"": ""2018-08-02""}"
2132,2132,불태산야영장,일반야영장,35.2868281,126.8366343,전남 장성군 진원면 고산로 61-164,0,0,0,0,0,0,0,0,0,0,0,,,2019-07-12,2018-10-31,,,,,,,,,,,,,,,"{""Unnamed: 0"": 2132, ""캠핑(야영)장명"": ""불태산야영장"", ""캠핑(야영)장구분"": ""일반야영장"", ""위도"": ""35.2868281"", ""경도"": ""126.8366343"", ""주소_x"": ""전남 장성군 진원면 고산로 61-164"", ""데이터기준일자_x"": ""2019-07-12"", ""인허가일자"": ""2018-10-31""}"
2133,2133,명사십리 임촌야영장,일반야영장,36.815381,127.786704,전라남도 완도군 신지면 신리 산 28,0,0,0,0,0,0,0,0,0,0,0,,,2019-07-12,2017-07-25,,,,,,,,,,,,,,,"{""Unnamed: 0"": 2133, ""캠핑(야영)장명"": ""명사십리 임촌야영장"", ""캠핑(야영)장구분"": ""일반야영장"", ""위도"": ""36.815381"", ""경도"": ""127.786704"", ""주소_x"": ""전라남도 완도군 신지면 신리 산 28"", ""데이터기준일자_x"": ""2019-07-12"", ""인허가일자"": ""2017-07-25""}"
2134,2134,명사십리 대평야영장,일반야영장,36.815381,127.786704,전라남도 완도군 신지면 대곡리 산 292-14,0,0,0,0,0,0,0,0,0,0,0,,,2019-07-12,2017-07-25,,,,,,,,,,,,,,,"{""Unnamed: 0"": 2134, ""캠핑(야영)장명"": ""명사십리 대평야영장"", ""캠핑(야영)장구분"": ""일반야영장"", ""위도"": ""36.815381"", ""경도"": ""127.786704"", ""주소_x"": ""전라남도 완도군 신지면 대곡리 산 292-14"", ""데이터기준일자_x"": ""2019-07-12"", ""인허가일자"": ""2017-07-25""}"
2135,2135,명사십리제1야영장 (은모래야영장),일반야영장,34.3278024,126.808968,전남 완도군 신지면 명사십리길 85-107,0,0,0,0,0,0,0,0,0,0,0,,,2019-07-12,2017-07-27,,,,,,,,,,,,,,,"{""Unnamed: 0"": 2135, ""캠핑(야영)장명"": ""명사십리제1야영장 (은모래야영장)"", ""캠핑(야영)장구분"": ""일반야영장"", ""위도"": ""34.3278024"", ""경도"": ""126.808968"", ""주소_x"": ""전남 완도군 신지면 명사십리길 85-107"", ""데이터기준일자_x"": ""2019-07-12"", ""인허가일자"": ""2017-07-27""}"
2136,2136,명사십리 신리야영장,일반야영장,34.3352031,126.8226383,전남 완도군 신지면 신지로 511,0,0,0,0,0,0,0,0,0,0,0,,,2019-07-12,2017-07-27,,,,,,,,,,,,,,,"{""Unnamed: 0"": 2136, ""캠핑(야영)장명"": ""명사십리 신리야영장"", ""캠핑(야영)장구분"": ""일반야영장"", ""위도"": ""34.3352031"", ""경도"": ""126.8226383"", ""주소_x"": ""전남 완도군 신지면 신지로 511"", ""데이터기준일자_x"": ""2019-07-12"", ""인허가일자"": ""2017-07-27""}"
2137,2137,유니의바다 카라반캠핑장,일반야영장,36.0285635,129.5812811,경북 포항시 남구 구룡포읍 일출로332번길 95-10,0,0,0,0,0,0,0,0,0,0,0,,,2019-07-12,2018-10-16,,,,,,,,,,,,포항시 남구 구룡포읍 일출로332번길 95-10,054-200-0000,,"{""Unnamed: 0"": 2137, ""캠핑(야영)장명"": ""유니의바다 카라반캠핑장"", ""캠핑(야영)장구분"": ""일반야영장"", ""위도"": ""36.0285635"", ""경도"": ""129.5812811"", ""주소_x"": ""경북 포항시 남구 구룡포읍 일출로332번길 95-10"", ""데이터기준일자_x"": ""2019-07-12"", ""인허가일자"": ""2018-10-16"", ""주소_y"": ""포항시 남구 구룡포읍 일출로332번길 95-10"", ""연락처"": ""054-200-0000""}"
2138,2138,숲속의드림캠프야영장,일반야영장,36.1357815,129.3825711,경북 포항시 북구 흥해읍 암각화길 31-87,0,0,0,0,0,0,0,0,0,0,0,,,2019-07-12,2018-11-16,,,,,,,,,,,,포항시 북구 흥해읍 암각화길 31-87,054-261-6330,,"{""Unnamed: 0"": 2138, ""캠핑(야영)장명"": ""숲속의드림캠프야영장"", ""캠핑(야영)장구분"": ""일반야영장"", ""위도"": ""36.1357815"", ""경도"": ""129.3825711"", ""주소_x"": ""경북 포항시 북구 흥해읍 암각화길 31-87"", ""데이터기준일자_x"": ""2019-07-12"", ""인허가일자"": ""2018-11-16"", ""주소_y"": ""포항시 북구 흥해읍 암각화길 31-87"", ""연락처"": ""054-261-6330""}"
2139,2139,토함산 락 글램핑,일반야영장,35.8009614,129.3151923,경북 경주시 보불로 190-17 (하동),0,0,0,0,0,0,0,0,0,0,0,,,2019-07-12,2018-11-09,,,,,,,,,,,,,,,"{""Unnamed: 0"": 2139, ""캠핑(야영)장명"": ""토함산 락 글램핑"", ""캠핑(야영)장구분"": ""일반야영장"", ""위도"": ""35.8009614"", ""경도"": ""129.3151923"", ""주소_x"": ""경북 경주시 보불로 190-17 (하동)"", ""데이터기준일자_x"": ""2019-07-12"", ""인허가일자"": ""2018-11-09""}"
2140,2140,사나래카라반캠핑,일반야영장,35.7044909,129.0770552,경북 경주시 산내면 대현길 349,0,0,0,0,0,0,0,0,0,0,0,,,2019-07-12,2018-11-02,,,,,,,,,,,,포항시 남구 장기면 동해안로 2932,054-200-0000,,"{""Unnamed: 0"": 2140, ""캠핑(야영)장명"": ""사나래카라반캠핑"", ""캠핑(야영)장구분"": ""일반야영장"", ""위도"": ""35.7044909"", ""경도"": ""129.0770552"", ""주소_x"": ""경북 경주시 산내면 대현길 349"", ""데이터기준일자_x"": ""2019-07-12"", ""인허가일자"": ""2018-11-02"", ""주소_y"": ""포항시 남구 장기면 동해안로 2932"", ""연락처"": ""054-200-0000""}"
2141,2141,포유 야영장,일반야영장,35.8701468,129.2746871,경북 경주시 천북면 목실길 27-67,0,0,0,0,0,0,0,0,0,0,0,,,2019-07-12,2018-09-06,,,,,,,,,,,,,,,"{""Unnamed: 0"": 2141, ""캠핑(야영)장명"": ""포유 야영장"", ""캠핑(야영)장구분"": ""일반야영장"", ""위도"": ""35.8701468"", ""경도"": ""129.2746871"", ""주소_x"": ""경북 경주시 천북면 목실길 27-67"", ""데이터기준일자_x"": ""2019-07-12"", ""인허가일자"": ""2018-09-06""}"
2142,2142,용천수캠핑장,일반야영장,35.7858728,129.3078399,경북 경주시 마동큰마을5길 13-14 (마동),0,0,0,0,0,0,0,0,0,0,0,,,2019-07-12,2018-07-13,,,,,,,,,,,,,,,"{""Unnamed: 0"": 2142, ""캠핑(야영)장명"": ""용천수캠핑장"", ""캠핑(야영)장구분"": ""일반야영장"", ""위도"": ""35.7858728"", ""경도"": ""129.3078399"", ""주소_x"": ""경북 경주시 마동큰마을5길 13-14 (마동)"", ""데이터기준일자_x"": ""2019-07-12"", ""인허가일자"": ""2018-07-13""}"
2143,2143,스카이레저,일반야영장,35.8119869,129.3076316,경북 경주시 보불로 328-7 (하동),0,0,0,0,0,0,0,0,0,0,0,,,2019-07-12,2018-05-31,,,,,,,,,,,,,,,"{""Unnamed: 0"": 2143, ""캠핑(야영)장명"": ""스카이레저"", ""캠핑(야영)장구분"": ""일반야영장"", ""위도"": ""35.8119869"", ""경도"": ""129.3076316"", ""주소_x"": ""경북 경주시 보불로 328-7 (하동)"", ""데이터기준일자_x"": ""2019-07-12"", ""인허가일자"": ""2018-05-31""}"
2144,2144,경주생태원캠핑장,일반야영장,35.8691237,129.281675,경북 경주시 천북면 물천안길 31,0,0,0,0,0,0,0,0,0,0,0,,,2019-07-12,2018-05-18,,,,,,,,,,,,,,,"{""Unnamed: 0"": 2144, ""캠핑(야영)장명"": ""경주생태원캠핑장"", ""캠핑(야영)장구분"": ""일반야영장"", ""위도"": ""35.8691237"", ""경도"": ""129.281675"", ""주소_x"": ""경북 경주시 천북면 물천안길 31"", ""데이터기준일자_x"": ""2019-07-12"", ""인허가일자"": ""2018-05-18""}"
2145,2145,경주 더숲 관광농원,일반야영장,35.7089863,129.2566006,경북 경주시 내남면 내외로 731-107,0,0,0,0,0,0,0,0,0,0,0,,,2019-07-12,2018-12-05,,,,,,,,,,,,,,,"{""Unnamed: 0"": 2145, ""캠핑(야영)장명"": ""경주 더숲 관광농원"", ""캠핑(야영)장구분"": ""일반야영장"", ""위도"": ""35.7089863"", ""경도"": ""129.2566006"", ""주소_x"": ""경북 경주시 내남면 내외로 731-107"", ""데이터기준일자_x"": ""2019-07-12"", ""인허가일자"": ""2018-12-05""}"
2146,2146,두바퀴로 가는 자동차 관광농원,일반야영장,35.7541547,129.0008249,경북 경주시 산내면 외칠일부길 278-182,0,0,0,0,0,0,0,0,0,0,0,,,2019-07-12,2018-12-26,,,,,,,,,,,,,,,"{""Unnamed: 0"": 2146, ""캠핑(야영)장명"": ""두바퀴로 가는 자동차 관광농원"", ""캠핑(야영)장구분"": ""일반야영장"", ""위도"": ""35.7541547"", ""경도"": ""129.0008249"", ""주소_x"": ""경북 경주시 산내면 외칠일부길 278-182"", ""데이터기준일자_x"": ""2019-07-12"", ""인허가일자"": ""2018-12-26""}"
2147,2147,송림오토캠핑장,일반야영장,35.7869284,129.4906359,경북 경주시 감포읍 동해안로 2012,0,0,0,0,0,0,0,0,0,0,0,,,2019-07-12,2016-06-29,,,,,,,,,,,,,,,"{""Unnamed: 0"": 2147, ""캠핑(야영)장명"": ""송림오토캠핑장"", ""캠핑(야영)장구분"": ""일반야영장"", ""위도"": ""35.7869284"", ""경도"": ""129.4906359"", ""주소_x"": ""경북 경주시 감포읍 동해안로 2012"", ""데이터기준일자_x"": ""2019-07-12"", ""인허가일자"": ""2016-06-29""}"
2148,2148,소백산 꽃가람야영장,일반야영장,36.9195221,128.5091564,경북 영주시 풍기읍 삼가로 407-7,0,0,0,0,0,0,0,0,0,0,0,,,2019-07-12,2018-10-10,,,,,,,,,,,,,,,"{""Unnamed: 0"": 2148, ""캠핑(야영)장명"": ""소백산 꽃가람야영장"", ""캠핑(야영)장구분"": ""일반야영장"", ""위도"": ""36.9195221"", ""경도"": ""128.5091564"", ""주소_x"": ""경북 영주시 풍기읍 삼가로 407-7"", ""데이터기준일자_x"": ""2019-07-12"", ""인허가일자"": ""2018-10-10""}"
2149,2149,글램코티지,일반야영장,35.9941656,128.9631484,경북 영천시 임고면 포은로 175-32,0,0,0,0,0,0,0,0,0,0,0,,,2019-07-12,2017-11-13,,,,,,,,,,,,,,,"{""Unnamed: 0"": 2149, ""캠핑(야영)장명"": ""글램코티지"", ""캠핑(야영)장구분"": ""일반야영장"", ""위도"": ""35.9941656"", ""경도"": ""128.9631484"", ""주소_x"": ""경북 영천시 임고면 포은로 175-32"", ""데이터기준일자_x"": ""2019-07-12"", ""인허가일자"": ""2017-11-13""}"
2150,2150,주노글램핑,일반야영장,36.1370785,128.9987,경북 영천시 자양면 별빛로 712-3,0,0,0,0,0,0,0,0,0,0,0,,,2019-07-12,2018-08-17,,,,,,,,,,,,,,,"{""Unnamed: 0"": 2150, ""캠핑(야영)장명"": ""주노글램핑"", ""캠핑(야영)장구분"": ""일반야영장"", ""위도"": ""36.1370785"", ""경도"": ""128.9987"", ""주소_x"": ""경북 영천시 자양면 별빛로 712-3"", ""데이터기준일자_x"": ""2019-07-12"", ""인허가일자"": ""2018-08-17""}"
2151,2151,하비리조트,일반야영장,35.7121809,128.5881683,경북 청도군 각북면 지슬길 34-17,0,0,0,0,0,0,0,0,0,0,0,,,2019-07-12,2018-07-04,,,,,,,,,,,,,,,"{""Unnamed: 0"": 2151, ""캠핑(야영)장명"": ""하비리조트"", ""캠핑(야영)장구분"": ""일반야영장"", ""위도"": ""35.7121809"", ""경도"": ""128.5881683"", ""주소_x"": ""경북 청도군 각북면 지슬길 34-17"", ""데이터기준일자_x"": ""2019-07-12"", ""인허가일자"": ""2018-07-04""}"
2152,2152,신난다 글램핑 (구 청도 각북글램핑장),일반야영장,36.815381,127.786704,경상북도 청도군 각북면 금천리 482,0,0,0,0,0,0,0,0,0,0,0,,,2019-07-12,2016-07-13,,,,,,,,,,,,,,,"{""Unnamed: 0"": 2152, ""캠핑(야영)장명"": ""신난다 글램핑 (구 청도 각북글램핑장)"", ""캠핑(야영)장구분"": ""일반야영장"", ""위도"": ""36.815381"", ""경도"": ""127.786704"", ""주소_x"": ""경상북도 청도군 각북면 금천리 482"", ""데이터기준일자_x"": ""2019-07-12"", ""인허가일자"": ""2016-07-13""}"
2153,2153,삼계리주말농원캠핑장,일반야영장,35.676399,129.0067097,경북 청도군 운문면 신원3길 74,0,0,0,0,0,0,0,0,0,0,0,,,2019-07-12,2018-11-13,,,,,,,,,,,,,,,"{""Unnamed: 0"": 2153, ""캠핑(야영)장명"": ""삼계리주말농원캠핑장"", ""캠핑(야영)장구분"": ""일반야영장"", ""위도"": ""35.676399"", ""경도"": ""129.0067097"", ""주소_x"": ""경북 청도군 운문면 신원3길 74"", ""데이터기준일자_x"": ""2019-07-12"", ""인허가일자"": ""2018-11-13""}"
2154,2154,상비 캠핑장,일반야영장,35.7991026,128.1745107,경북 고령군 덕곡면 덕운로 1260,0,0,0,0,0,0,0,0,0,0,0,,,2019-07-12,2018-08-23,,,,,,,,,,,,,,,"{""Unnamed: 0"": 2154, ""캠핑(야영)장명"": ""상비 캠핑장"", ""캠핑(야영)장구분"": ""일반야영장"", ""위도"": ""35.7991026"", ""경도"": ""128.1745107"", ""주소_x"": ""경북 고령군 덕곡면 덕운로 1260"", ""데이터기준일자_x"": ""2019-07-12"", ""인허가일자"": ""2018-08-23""}"
2155,2155,소망캠핑장,일반야영장,35.7712834,128.2806814,경북 고령군 운수면 대가야로 1850,0,0,0,0,0,0,0,0,0,0,0,,,2019-07-12,2018-07-31,,,,,,,,,,,,,,,"{""Unnamed: 0"": 2155, ""캠핑(야영)장명"": ""소망캠핑장"", ""캠핑(야영)장구분"": ""일반야영장"", ""위도"": ""35.7712834"", ""경도"": ""128.2806814"", ""주소_x"": ""경북 고령군 운수면 대가야로 1850"", ""데이터기준일자_x"": ""2019-07-12"", ""인허가일자"": ""2018-07-31""}"
2156,2156,(주)동재가산수피아,일반야영장,36.0863385,128.4866638,경북 칠곡군 가산면 학하4길 57-105,0,0,0,0,0,0,0,0,0,0,0,,,2019-07-12,2018-06-26,,,,,,,,,,,,,,,"{""Unnamed: 0"": 2156, ""캠핑(야영)장명"": ""(주)동재가산수피아"", ""캠핑(야영)장구분"": ""일반야영장"", ""위도"": ""36.0863385"", ""경도"": ""128.4866638"", ""주소_x"": ""경북 칠곡군 가산면 학하4길 57-105"", ""데이터기준일자_x"": ""2019-07-12"", ""인허가일자"": ""2018-06-26""}"
2157,2157,농업회사법인 오송 주식회사,일반야영장,35.9974629,128.4532302,경북 칠곡군 왜관읍 봉계로 348,0,0,0,0,0,0,0,0,0,0,0,,,2019-07-12,2018-07-27,,,,,,,,,,,,,,,"{""Unnamed: 0"": 2157, ""캠핑(야영)장명"": ""농업회사법인 오송 주식회사"", ""캠핑(야영)장구분"": ""일반야영장"", ""위도"": ""35.9974629"", ""경도"": ""128.4532302"", ""주소_x"": ""경북 칠곡군 왜관읍 봉계로 348"", ""데이터기준일자_x"": ""2019-07-12"", ""인허가일자"": ""2018-07-27""}"
2158,2158,이지캠핑,일반야영장,36.7056741,128.5104846,경북 예천군 감천면 충효로 1131-27,0,0,0,0,0,0,0,0,0,0,0,,,2019-07-12,2018-06-22,,,,,,,,,,,,,,,"{""Unnamed: 0"": 2158, ""캠핑(야영)장명"": ""이지캠핑"", ""캠핑(야영)장구분"": ""일반야영장"", ""위도"": ""36.7056741"", ""경도"": ""128.5104846"", ""주소_x"": ""경북 예천군 감천면 충효로 1131-27"", ""데이터기준일자_x"": ""2019-07-12"", ""인허가일자"": ""2018-06-22""}"
2159,2159,봉화별야영장,일반야영장,36.9893422,128.960621,경북 봉화군 소천면 구마동길 513-127,0,0,0,0,0,0,0,0,0,0,0,,,2019-07-12,2018-06-19,,,,,,,,,,,,,,,"{""Unnamed: 0"": 2159, ""캠핑(야영)장명"": ""봉화별야영장"", ""캠핑(야영)장구분"": ""일반야영장"", ""위도"": ""36.9893422"", ""경도"": ""128.960621"", ""주소_x"": ""경북 봉화군 소천면 구마동길 513-127"", ""데이터기준일자_x"": ""2019-07-12"", ""인허가일자"": ""2018-06-19""}"
2160,2160,무학봉 야영장,일반야영장,36.815381,127.786704,경북 봉화군 소천면 소천로 1237,0,0,0,0,0,0,0,0,0,0,0,,,2019-07-12,2018-07-25,,,,,,,,,,,,,,,"{""Unnamed: 0"": 2160, ""캠핑(야영)장명"": ""무학봉 야영장"", ""캠핑(야영)장구분"": ""일반야영장"", ""위도"": ""36.815381"", ""경도"": ""127.786704"", ""주소_x"": ""경북 봉화군 소천면 소천로 1237"", ""데이터기준일자_x"": ""2019-07-12"", ""인허가일자"": ""2018-07-25""}"
2161,2161,불영계곡 캠핑장,일반야영장,36.815381,127.786704,경상북도 울진군 울진읍 대흥리 76,0,0,0,0,0,0,0,0,0,0,0,,,2019-07-12,2018-07-11,,,,,,,,,,,,,,,"{""Unnamed: 0"": 2161, ""캠핑(야영)장명"": ""불영계곡 캠핑장"", ""캠핑(야영)장구분"": ""일반야영장"", ""위도"": ""36.815381"", ""경도"": ""127.786704"", ""주소_x"": ""경상북도 울진군 울진읍 대흥리 76"", ""데이터기준일자_x"": ""2019-07-12"", ""인허가일자"": ""2018-07-11""}"
2162,2162,해간도캠핑장,일반야영장,34.8674533,128.4682022,경남 통영시 용남면 해간길 55,0,0,0,0,1,1,1,6,0,0,0,"전기,무선인터넷,장작판매,온수,트렘폴린,물놀이장",,2019-07-12,2018-07-30,,,,,,,,,,,,,,,"{""Unnamed: 0"": 2162, ""캠핑(야영)장명"": ""해간도캠핑장"", ""캠핑(야영)장구분"": ""일반야영장"", ""위도"": ""34.8674533"", ""경도"": ""128.4682022"", ""주소_x"": ""경남 통영시 용남면 해간길 55"", ""화장실"": 1, ""샤워실"": 1, ""개수대"": 1, ""소화기"": 6, ""기타부대시설 1"": ""전기,무선인터넷,장작판매,온수,트렘폴린,물놀이장"", ""데이터기준일자_x"": ""2019-07-12"", ""인허가일자"": ""2018-07-30""}"
2163,2163,캠프라임,일반야영장,35.3919168,128.9211412,경남 양산시 원동면 원동로 1837-2,0,0,0,0,0,0,0,0,0,0,0,,,2019-07-12,2018-08-23,,,,,,,,,,,,,,,"{""Unnamed: 0"": 2163, ""캠핑(야영)장명"": ""캠프라임"", ""캠핑(야영)장구분"": ""일반야영장"", ""위도"": ""35.3919168"", ""경도"": ""128.9211412"", ""주소_x"": ""경남 양산시 원동면 원동로 1837-2"", ""데이터기준일자_x"": ""2019-07-12"", ""인허가일자"": ""2018-08-23""}"
2164,2164,창녕별숲글램핑,일반야영장,35.6238014,128.5230583,경남 창녕군 성산면 구연화길 62,0,0,0,0,0,0,0,0,0,0,0,,,2019-07-12,2015-07-17,,,,,,,,,,,,,,,"{""Unnamed: 0"": 2164, ""캠핑(야영)장명"": ""창녕별숲글램핑"", ""캠핑(야영)장구분"": ""일반야영장"", ""위도"": ""35.6238014"", ""경도"": ""128.5230583"", ""주소_x"": ""경남 창녕군 성산면 구연화길 62"", ""데이터기준일자_x"": ""2019-07-12"", ""인허가일자"": ""2015-07-17""}"
2165,2165,버드하우스 캠핑장,일반야영장,34.9186753,128.0211419,경남 남해군 창선면 서부로 1455-10,0,0,0,0,0,0,0,0,0,0,0,,,2019-07-12,2018-11-01,,,,,,,,,,,,,,,"{""Unnamed: 0"": 2165, ""캠핑(야영)장명"": ""버드하우스 캠핑장"", ""캠핑(야영)장구분"": ""일반야영장"", ""위도"": ""34.9186753"", ""경도"": ""128.0211419"", ""주소_x"": ""경남 남해군 창선면 서부로 1455-10"", ""데이터기준일자_x"": ""2019-07-12"", ""인허가일자"": ""2018-11-01""}"
2166,2166,남해 더왕 글램핑장,일반야영장,34.884622,127.9086089,경남 남해군 설천면 설천로 224-79,0,0,0,0,0,0,0,0,0,0,0,,,2019-07-12,2018-03-29,,,,,,,,,,,,,,,"{""Unnamed: 0"": 2166, ""캠핑(야영)장명"": ""남해 더왕 글램핑장"", ""캠핑(야영)장구분"": ""일반야영장"", ""위도"": ""34.884622"", ""경도"": ""127.9086089"", ""주소_x"": ""경남 남해군 설천면 설천로 224-79"", ""데이터기준일자_x"": ""2019-07-12"", ""인허가일자"": ""2018-03-29""}"
2167,2167,지리산 하루해 야영장,일반야영장,35.1896268,127.7171281,경남 하동군 악양면 악양서로 669-24,0,0,0,0,0,0,0,0,0,0,0,,,2019-07-12,2018-07-18,,,,,,,,,,,,,,,"{""Unnamed: 0"": 2167, ""캠핑(야영)장명"": ""지리산 하루해 야영장"", ""캠핑(야영)장구분"": ""일반야영장"", ""위도"": ""35.1896268"", ""경도"": ""127.7171281"", ""주소_x"": ""경남 하동군 악양면 악양서로 669-24"", ""데이터기준일자_x"": ""2019-07-12"", ""인허가일자"": ""2018-07-18""}"
2168,2168,경호강 카라반,일반야영장,35.3573671,127.9154486,경남 산청군 단성면 호암로1320번길 88-4,0,0,0,0,0,0,0,0,0,0,0,,,2019-07-12,2018-07-04,,,,,,,,,,,,,,,"{""Unnamed: 0"": 2168, ""캠핑(야영)장명"": ""경호강 카라반"", ""캠핑(야영)장구분"": ""일반야영장"", ""위도"": ""35.3573671"", ""경도"": ""127.9154486"", ""주소_x"": ""경남 산청군 단성면 호암로1320번길 88-4"", ""데이터기준일자_x"": ""2019-07-12"", ""인허가일자"": ""2018-07-04""}"
2169,2169,BABO글램핑 (바보글램핑),"일반야영장,글램핑",35.3843285,128.0664068,경남 산청군 생비량면 상능로150번길 178,0,0,9,0,2,2,1,15,1,1,9,"전기,무선인터넷,장작판매,온수,물놀이장,산책로,운동장,운동시설,마트.편의점",,2019-07-12,2017-07-17,,,,,,,,,,,,,,,"{""Unnamed: 0"": 2169, ""캠핑(야영)장명"": ""BABO글램핑 (바보글램핑)"", ""캠핑(야영)장구분"": ""일반야영장,글램핑"", ""위도"": ""35.3843285"", ""경도"": ""128.0664068"", ""주소_x"": ""경남 산청군 생비량면 상능로150번길 178"", ""글램핑"": 9, ""화장실"": 2, ""샤워실"": 2, ""개수대"": 1, ""소화기"": 15, ""방화수"": 1, ""방화사"": 1, ""화재감지기"": 9, ""기타부대시설 1"": ""전기,무선인터넷,장작판매,온수,물놀이장,산책로,운동장,운동시설,마트.편의점"", ""데이터기준일자_x"": ""2019-07-12"", ""인허가일자"": ""2017-07-17""}"
2170,2170,지리산리조트 글램핑,일반야영장,35.2973379,127.7553318,경남 산청군 시천면 지리산대로511번길 11-33,0,0,0,0,0,0,0,0,0,0,0,,,2019-07-12,2018-06-20,,,,,,,,,,,,,,,"{""Unnamed: 0"": 2170, ""캠핑(야영)장명"": ""지리산리조트 글램핑"", ""캠핑(야영)장구분"": ""일반야영장"", ""위도"": ""35.2973379"", ""경도"": ""127.7553318"", ""주소_x"": ""경남 산청군 시천면 지리산대로511번길 11-33"", ""데이터기준일자_x"": ""2019-07-12"", ""인허가일자"": ""2018-06-20""}"
2171,2171,용추글램핑&펜션,일반야영장,35.6733182,127.7736152,경남 함양군 안의면 용추계곡로 479,0,0,0,0,0,0,0,0,0,0,0,,,2019-07-12,2018-06-28,,,,,,,,,,,,,,,"{""Unnamed: 0"": 2171, ""캠핑(야영)장명"": ""용추글램핑&펜션"", ""캠핑(야영)장구분"": ""일반야영장"", ""위도"": ""35.6733182"", ""경도"": ""127.7736152"", ""주소_x"": ""경남 함양군 안의면 용추계곡로 479"", ""데이터기준일자_x"": ""2019-07-12"", ""인허가일자"": ""2018-06-28""}"
2172,2172,캠핑파라다이스,일반야영장,35.5377239,128.1012225,경남 합천군 용주면 고품길 42,0,0,0,0,0,0,0,0,0,0,0,,,2019-07-12,2018-08-19,,,,,,,,,,,,,,,"{""Unnamed: 0"": 2172, ""캠핑(야영)장명"": ""캠핑파라다이스"", ""캠핑(야영)장구분"": ""일반야영장"", ""위도"": ""35.5377239"", ""경도"": ""128.1012225"", ""주소_x"": ""경남 합천군 용주면 고품길 42"", ""데이터기준일자_x"": ""2019-07-12"", ""인허가일자"": ""2018-08-19""}"
2173,2173,합천해피캠핑,일반야영장,35.5343931,127.9998733,경남 합천군 대병면 서부로 2228,0,0,0,0,0,0,0,0,0,0,0,,,2019-07-12,2018-06-07,,,,,,,,,,,,,,,"{""Unnamed: 0"": 2173, ""캠핑(야영)장명"": ""합천해피캠핑"", ""캠핑(야영)장구분"": ""일반야영장"", ""위도"": ""35.5343931"", ""경도"": ""127.9998733"", ""주소_x"": ""경남 합천군 대병면 서부로 2228"", ""데이터기준일자_x"": ""2019-07-12"", ""인허가일자"": ""2018-06-07""}"
2174,2174,장흥숲길캠핑장,일반야영장,37.7287518,126.9531337,경기 양주시 장흥면 권율로 156-116,0,0,0,0,0,0,0,0,0,0,0,,,2019-07-12,2018-10-08,,,,,,,,,,,,,,,"{""Unnamed: 0"": 2174, ""캠핑(야영)장명"": ""장흥숲길캠핑장"", ""캠핑(야영)장구분"": ""일반야영장"", ""위도"": ""37.7287518"", ""경도"": ""126.9531337"", ""주소_x"": ""경기 양주시 장흥면 권율로 156-116"", ""데이터기준일자_x"": ""2019-07-12"", ""인허가일자"": ""2018-10-08""}"
2175,2175,별을 다는 아이,일반야영장,37.7440253,126.9526406,경기 양주시 장흥면 권율로309번길 132,0,0,0,0,0,0,0,0,0,0,0,,,2019-07-12,2018-07-19,,,,,,,,,,,,,,,"{""Unnamed: 0"": 2175, ""캠핑(야영)장명"": ""별을 다는 아이"", ""캠핑(야영)장구분"": ""일반야영장"", ""위도"": ""37.7440253"", ""경도"": ""126.9526406"", ""주소_x"": ""경기 양주시 장흥면 권율로309번길 132"", ""데이터기준일자_x"": ""2019-07-12"", ""인허가일자"": ""2018-07-19""}"
2176,2176,양주 탑 관광농원 글램핑장,일반야영장,37.8110786,127.1019757,경기 양주시 어하고개로 48-1 (삼숭동),0,0,0,0,0,0,0,0,0,0,0,,,2019-07-12,2018-05-09,,,,,,,,,,,,,,,"{""Unnamed: 0"": 2176, ""캠핑(야영)장명"": ""양주 탑 관광농원 글램핑장"", ""캠핑(야영)장구분"": ""일반야영장"", ""위도"": ""37.8110786"", ""경도"": ""127.1019757"", ""주소_x"": ""경기 양주시 어하고개로 48-1 (삼숭동)"", ""데이터기준일자_x"": ""2019-07-12"", ""인허가일자"": ""2018-05-09""}"
2177,2177,깊이울마을 야영장,"일반야영장,카라반",37.9191032,127.1666895,경기 포천시 신북면 깊이울로 234-21,9,0,0,7,0,0,0,0,0,0,0,"전기,온수",,2019-07-12,2015-08-04,,,,,,,,,,,,,,,"{""Unnamed: 0"": 2177, ""캠핑(야영)장명"": ""깊이울마을 야영장"", ""캠핑(야영)장구분"": ""일반야영장,카라반"", ""위도"": ""37.9191032"", ""경도"": ""127.1666895"", ""주소_x"": ""경기 포천시 신북면 깊이울로 234-21"", ""일반야영장수"": 9, ""카라반"": 7, ""기타부대시설 1"": ""전기,온수"", ""데이터기준일자_x"": ""2019-07-12"", ""인허가일자"": ""2015-08-04""}"
2178,2178,HJ글램핑,일반야영장,38.0788343,127.390164,경기 포천시 이동면 금강로 6169,0,0,0,0,0,0,0,0,0,0,0,,,2019-07-12,2018-12-28,,,,,,,,,,,,,,,"{""Unnamed: 0"": 2178, ""캠핑(야영)장명"": ""HJ글램핑"", ""캠핑(야영)장구분"": ""일반야영장"", ""위도"": ""38.0788343"", ""경도"": ""127.390164"", ""주소_x"": ""경기 포천시 이동면 금강로 6169"", ""데이터기준일자_x"": ""2019-07-12"", ""인허가일자"": ""2018-12-28""}"
2179,2179,당진난지도 국민여가캠핑장,일반야영장,36.815381,127.786704,충청남도 당진시 석문면 난지도리 701,0,0,0,0,0,0,0,0,0,0,0,,,2019-07-12,2018-08-28,,,,,,,,,,,,,,,"{""Unnamed: 0"": 2179, ""캠핑(야영)장명"": ""당진난지도 국민여가캠핑장"", ""캠핑(야영)장구분"": ""일반야영장"", ""위도"": ""36.815381"", ""경도"": ""127.786704"", ""주소_x"": ""충청남도 당진시 석문면 난지도리 701"", ""데이터기준일자_x"": ""2019-07-12"", ""인허가일자"": ""2018-08-28""}"
2180,2180,농업회사법인 다온숲 주식회사,"일반야영장,글램핑",36.642983,127.2537753,세종특별자치시 전동면 깊은내길 213,0,0,17,0,3,12,1,0,0,0,0,"전기,무선인터넷,장작판매,온수",,2019-07-12,2018-07-26,,,,,,,,,,,,,,,"{""Unnamed: 0"": 2180, ""캠핑(야영)장명"": ""농업회사법인 다온숲 주식회사"", ""캠핑(야영)장구분"": ""일반야영장,글램핑"", ""위도"": ""36.642983"", ""경도"": ""127.2537753"", ""주소_x"": ""세종특별자치시 전동면 깊은내길 213"", ""글램핑"": 17, ""화장실"": 3, ""샤워실"": 12, ""개수대"": 1, ""기타부대시설 1"": ""전기,무선인터넷,장작판매,온수"", ""데이터기준일자_x"": ""2019-07-12"", ""인허가일자"": ""2018-07-26""}"
2181,2181,디-포레 카라반 파크,카라반,33.4648262,126.7811915,제주특별자치도 제주시 구좌읍 송당6길 78-1,0,0,0,0,0,0,0,0,0,0,0,,,2019-07-12,2018-03-23,,,,,,,,,,,,,,,"{""Unnamed: 0"": 2181, ""캠핑(야영)장명"": ""디-포레 카라반 파크"", ""캠핑(야영)장구분"": ""카라반"", ""위도"": ""33.4648262"", ""경도"": ""126.7811915"", ""주소_x"": ""제주특별자치도 제주시 구좌읍 송당6길 78-1"", ""데이터기준일자_x"": ""2019-07-12"", ""인허가일자"": ""2018-03-23""}"
2182,2182,솔라캠프,일반야영장,36.6197633,128.7779531,경북 안동시 와룡면 농암로 101-44,12,0,0,0,0,0,0,0,0,0,0,,,2019-07-12,2019-02-07,,,,,,,,,,,,,,,"{""Unnamed: 0"": 2182, ""캠핑(야영)장명"": ""솔라캠프"", ""캠핑(야영)장구분"": ""일반야영장"", ""위도"": ""36.6197633"", ""경도"": ""128.7779531"", ""주소_x"": ""경북 안동시 와룡면 농암로 101-44"", ""일반야영장수"": 12, ""데이터기준일자_x"": ""2019-07-12"", ""인허가일자"": ""2019-02-07""}"
2183,2183,청포대 휴 야영장,일반야영장,36.6397842,126.3019994,충남 태안군 남면 청포대길 63-6,10,0,0,0,0,0,0,0,0,0,0,,,2019-07-12,2019-02-12,,,,,,,,,,,,,,,"{""Unnamed: 0"": 2183, ""캠핑(야영)장명"": ""청포대 휴 야영장"", ""캠핑(야영)장구분"": ""일반야영장"", ""위도"": ""36.6397842"", ""경도"": ""126.3019994"", ""주소_x"": ""충남 태안군 남면 청포대길 63-6"", ""일반야영장수"": 10, ""데이터기준일자_x"": ""2019-07-12"", ""인허가일자"": ""2019-02-12""}"
2184,2184,나라펜션캠핑장,일반야영장,37.1997701,126.5603735,경기 안산시 단원구 장불길 31-23 (대부남동),45,0,0,0,4,8,12,10,2,0,0,"전기,장작판매,온수,트렘폴린,산책로",,2019-07-12,2019-02-15,,,,,,,,,,,,,,,"{""Unnamed: 0"": 2184, ""캠핑(야영)장명"": ""나라펜션캠핑장"", ""캠핑(야영)장구분"": ""일반야영장"", ""위도"": ""37.1997701"", ""경도"": ""126.5603735"", ""주소_x"": ""경기 안산시 단원구 장불길 31-23 (대부남동)"", ""일반야영장수"": 45, ""화장실"": 4, ""샤워실"": 8, ""개수대"": 12, ""소화기"": 10, ""방화수"": 2, ""기타부대시설 1"": ""전기,장작판매,온수,트렘폴린,산책로"", ""데이터기준일자_x"": ""2019-07-12"", ""인허가일자"": ""2019-02-15""}"
2185,2185,와우키즈랜드 야영장,일반야영장,36.7101183,127.5169723,충북 청주시 청원구 내수읍 내수로 457,0,0,0,0,0,0,0,0,0,0,0,,,2019-07-12,2019-01-07,,,,,,,,,,,,,,,"{""Unnamed: 0"": 2185, ""캠핑(야영)장명"": ""와우키즈랜드 야영장"", ""캠핑(야영)장구분"": ""일반야영장"", ""위도"": ""36.7101183"", ""경도"": ""127.5169723"", ""주소_x"": ""충북 청주시 청원구 내수읍 내수로 457"", ""데이터기준일자_x"": ""2019-07-12"", ""인허가일자"": ""2019-01-07""}"
2186,2186,부에노스아이레스,일반야영장,37.7405169,127.4999437,경기 가평군 가평읍 상지로 949,0,0,0,0,0,0,0,0,0,0,0,,,2019-07-12,2019-01-15,,,,,,,,,,,,,,,"{""Unnamed: 0"": 2186, ""캠핑(야영)장명"": ""부에노스아이레스"", ""캠핑(야영)장구분"": ""일반야영장"", ""위도"": ""37.7405169"", ""경도"": ""127.4999437"", ""주소_x"": ""경기 가평군 가평읍 상지로 949"", ""데이터기준일자_x"": ""2019-07-12"", ""인허가일자"": ""2019-01-15""}"
2187,2187,비토애,글램핑,34.9835837,127.9668384,경남 사천시 서포면 토끼로 234,0,0,0,0,0,0,0,0,0,0,0,,,2019-07-12,2019-01-18,,,,,,,,,,,,,,,"{""Unnamed: 0"": 2187, ""캠핑(야영)장명"": ""비토애"", ""캠핑(야영)장구분"": ""글램핑"", ""위도"": ""34.9835837"", ""경도"": ""127.9668384"", ""주소_x"": ""경남 사천시 서포면 토끼로 234"", ""데이터기준일자_x"": ""2019-07-12"", ""인허가일자"": ""2019-01-18""}"
2188,2188,파주쇠꼴마을고고캠핑장,일반야영장,36.815381,127.786704,경기 파주시 법원읍 술이홀로1333번길 160,0,0,0,0,0,0,0,0,0,0,0,,,2019-07-12,2019-01-28,,,,,,,,,,,,,,,"{""Unnamed: 0"": 2188, ""캠핑(야영)장명"": ""파주쇠꼴마을고고캠핑장"", ""캠핑(야영)장구분"": ""일반야영장"", ""위도"": ""36.815381"", ""경도"": ""127.786704"", ""주소_x"": ""경기 파주시 법원읍 술이홀로1333번길 160"", ""데이터기준일자_x"": ""2019-07-12"", ""인허가일자"": ""2019-01-28""}"
2189,2189,산책,일반야영장,37.9364988,127.5408827,경기 가평군 북면 화악산로 943-40,0,0,0,0,0,0,0,0,0,0,0,,,2019-07-12,2019-02-07,,,,,,,,,,,,,,,"{""Unnamed: 0"": 2189, ""캠핑(야영)장명"": ""산책"", ""캠핑(야영)장구분"": ""일반야영장"", ""위도"": ""37.9364988"", ""경도"": ""127.5408827"", ""주소_x"": ""경기 가평군 북면 화악산로 943-40"", ""데이터기준일자_x"": ""2019-07-12"", ""인허가일자"": ""2019-02-07""}"
2190,2190,고창갯벌오토캠핑장,자동차야영장,35.5271805,126.5400725,전북 고창군 심원면 두어1길 55-25,0,0,0,0,0,0,0,0,0,0,0,,,2019-07-12,2019-02-07,,,,,,,,,,,,,,,"{""Unnamed: 0"": 2190, ""캠핑(야영)장명"": ""고창갯벌오토캠핑장"", ""캠핑(야영)장구분"": ""자동차야영장"", ""위도"": ""35.5271805"", ""경도"": ""126.5400725"", ""주소_x"": ""전북 고창군 심원면 두어1길 55-25"", ""데이터기준일자_x"": ""2019-07-12"", ""인허가일자"": ""2019-02-07""}"
2191,2191,드림피아,일반야영장,37.8024336,128.0033525,강원 홍천군 내촌면 아홉사리로 104-16,0,0,0,0,0,0,0,0,0,0,0,,,2019-07-12,2019-02-08,,,,,,,,,,,,,,,"{""Unnamed: 0"": 2191, ""캠핑(야영)장명"": ""드림피아"", ""캠핑(야영)장구분"": ""일반야영장"", ""위도"": ""37.8024336"", ""경도"": ""128.0033525"", ""주소_x"": ""강원 홍천군 내촌면 아홉사리로 104-16"", ""데이터기준일자_x"": ""2019-07-12"", ""인허가일자"": ""2019-02-08""}"
2192,2192,고목정,자동차야영장,36.4384282,126.8455177,충남 청양군 대치면 칠갑산로 668-21,0,0,0,0,0,0,0,0,0,0,0,,,2019-07-12,2019-02-12,,,,,,,,,,,,,,,"{""Unnamed: 0"": 2192, ""캠핑(야영)장명"": ""고목정"", ""캠핑(야영)장구분"": ""자동차야영장"", ""위도"": ""36.4384282"", ""경도"": ""126.8455177"", ""주소_x"": ""충남 청양군 대치면 칠갑산로 668-21"", ""데이터기준일자_x"": ""2019-07-12"", ""인허가일자"": ""2019-02-12""}"
2193,2193,글램핑스테이션,일반야영장,36.7814814,127.9512501,충북 괴산군 연풍면 연풍로 823-9,0,0,0,0,0,0,0,0,0,0,0,,,2019-07-12,2019-02-15,,,,,,,,,,,,,,,"{""Unnamed: 0"": 2193, ""캠핑(야영)장명"": ""글램핑스테이션"", ""캠핑(야영)장구분"": ""일반야영장"", ""위도"": ""36.7814814"", ""경도"": ""127.9512501"", ""주소_x"": ""충북 괴산군 연풍면 연풍로 823-9"", ""데이터기준일자_x"": ""2019-07-12"", ""인허가일자"": ""2019-02-15""}"
2194,2194,팜 스프링 야영장,일반야영장,36.1016081,127.8847483,충북 영동군 상촌면 물한계곡로 700,0,0,0,0,0,0,0,0,0,0,0,,,2019-07-12,2019-02-15,,,,,,,,,,,,,,,"{""Unnamed: 0"": 2194, ""캠핑(야영)장명"": ""팜 스프링 야영장"", ""캠핑(야영)장구분"": ""일반야영장"", ""위도"": ""36.1016081"", ""경도"": ""127.8847483"", ""주소_x"": ""충북 영동군 상촌면 물한계곡로 700"", ""데이터기준일자_x"": ""2019-07-12"", ""인허가일자"": ""2019-02-15""}"
2195,2195,대부도나라캠핑장,일반야영장,37.1997701,126.5603735,경기 안산시 단원구 장불길 31-23 (대부남동),4,0,0,0,0,0,0,0,0,0,0,,,2019-07-12,2019-02-15,,,,,,,,,,,,,,,"{""Unnamed: 0"": 2195, ""캠핑(야영)장명"": ""대부도나라캠핑장"", ""캠핑(야영)장구분"": ""일반야영장"", ""위도"": ""37.1997701"", ""경도"": ""126.5603735"", ""주소_x"": ""경기 안산시 단원구 장불길 31-23 (대부남동)"", ""일반야영장수"": 4, ""데이터기준일자_x"": ""2019-07-12"", ""인허가일자"": ""2019-02-15""}"
2196,2196,북부하나여행사,일반야영장,37.6478408,127.0244954,"서울 도봉구 우이천로 357 (쌍문동, 양지파크빌)",0,0,0,0,0,0,0,0,0,0,0,,,2019-07-12,2019-02-18,,,,,,,,,,,,,,,"{""Unnamed: 0"": 2196, ""캠핑(야영)장명"": ""북부하나여행사"", ""캠핑(야영)장구분"": ""일반야영장"", ""위도"": ""37.6478408"", ""경도"": ""127.0244954"", ""주소_x"": ""서울 도봉구 우이천로 357 (쌍문동, 양지파크빌)"", ""데이터기준일자_x"": ""2019-07-12"", ""인허가일자"": ""2019-02-18""}"
2197,2197,아이뜰관광농원,일반야영장,36.8449284,127.9024629,충북 괴산군 장연면 충민로 1193,20,0,0,0,12,14,10,20,1,0,9,"전기,무선인터넷,장작판매,온수,트렘폴린,운동장",,2019-07-12,2019-02-18,,,,,,,,,,,,,,,"{""Unnamed: 0"": 2197, ""캠핑(야영)장명"": ""아이뜰관광농원"", ""캠핑(야영)장구분"": ""일반야영장"", ""위도"": ""36.8449284"", ""경도"": ""127.9024629"", ""주소_x"": ""충북 괴산군 장연면 충민로 1193"", ""일반야영장수"": 20, ""화장실"": 12, ""샤워실"": 14, ""개수대"": 10, ""소화기"": 20, ""방화수"": 1, ""화재감지기"": 9, ""기타부대시설 1"": ""전기,무선인터넷,장작판매,온수,트렘폴린,운동장"", ""데이터기준일자_x"": ""2019-07-12"", ""인허가일자"": ""2019-02-18""}"
2198,2198,휴림,"일반야영장,카라반",37.4159894,127.4272904,경기 여주시 주어로 204,3,0,0,3,0,0,0,0,0,0,0,,,2019-07-12,2019-02-19,,,,,,,,,,,,,,,"{""Unnamed: 0"": 2198, ""캠핑(야영)장명"": ""휴림"", ""캠핑(야영)장구분"": ""일반야영장,카라반"", ""위도"": ""37.4159894"", ""경도"": ""127.4272904"", ""주소_x"": ""경기 여주시 주어로 204"", ""일반야영장수"": 3, ""카라반"": 3, ""데이터기준일자_x"": ""2019-07-12"", ""인허가일자"": ""2019-02-19""}"
2199,2199,백운산캠핑장,일반야영장,35.5885023,127.6370499,경남 함양군 백전면 함양남서로 2755,0,0,0,0,0,0,0,0,0,0,0,,,2019-07-12,2019-02-19,,,,,,,,,,,,,,,"{""Unnamed: 0"": 2199, ""캠핑(야영)장명"": ""백운산캠핑장"", ""캠핑(야영)장구분"": ""일반야영장"", ""위도"": ""35.5885023"", ""경도"": ""127.6370499"", ""주소_x"": ""경남 함양군 백전면 함양남서로 2755"", ""데이터기준일자_x"": ""2019-07-12"", ""인허가일자"": ""2019-02-19""}"
2200,2200,진달래 관광농원 캠핑장,일반야영장,36.1979907,126.7246843,충남 부여군 옥산면 봉산로56번길 56,0,0,0,0,0,0,0,0,0,0,0,,,2019-07-12,2019-02-19,,,,,,,,,,,,,,,"{""Unnamed: 0"": 2200, ""캠핑(야영)장명"": ""진달래 관광농원 캠핑장"", ""캠핑(야영)장구분"": ""일반야영장"", ""위도"": ""36.1979907"", ""경도"": ""126.7246843"", ""주소_x"": ""충남 부여군 옥산면 봉산로56번길 56"", ""데이터기준일자_x"": ""2019-07-12"", ""인허가일자"": ""2019-02-19""}"
2201,2201,라무캠핑장,일반야영장,37.9544513,127.4781441,경기 가평군 북면 가화로 2372-42,0,0,0,0,0,0,0,0,0,0,0,,,2019-07-12,2019-02-21,,,,,,,,,,,,,,,"{""Unnamed: 0"": 2201, ""캠핑(야영)장명"": ""라무캠핑장"", ""캠핑(야영)장구분"": ""일반야영장"", ""위도"": ""37.9544513"", ""경도"": ""127.4781441"", ""주소_x"": ""경기 가평군 북면 가화로 2372-42"", ""데이터기준일자_x"": ""2019-07-12"", ""인허가일자"": ""2019-02-21""}"
2202,2202,전원 오토캠핑장,일반야영장,35.6842637,129.0503494,경북 경주시 산내면 문복로 578,0,0,0,0,0,0,0,0,0,0,0,,,2019-07-12,2019-02-22,,,,,,,,,,,,,,,"{""Unnamed: 0"": 2202, ""캠핑(야영)장명"": ""전원 오토캠핑장"", ""캠핑(야영)장구분"": ""일반야영장"", ""위도"": ""35.6842637"", ""경도"": ""129.0503494"", ""주소_x"": ""경북 경주시 산내면 문복로 578"", ""데이터기준일자_x"": ""2019-07-12"", ""인허가일자"": ""2019-02-22""}"
2203,2203,전월산 국민여가캠핑장,일반야영장,,,세종특별자치시 연기면 갈매로 169,0,0,0,0,0,0,0,0,0,0,0,,,2019-07-12,2019-02-22,,,,,,,,,,,,,,,"{""Unnamed: 0"": 2203, ""캠핑(야영)장명"": ""전월산 국민여가캠핑장"", ""캠핑(야영)장구분"": ""일반야영장"", ""주소_x"": ""세종특별자치시 연기면 갈매로 169"", ""데이터기준일자_x"": ""2019-07-12"", ""인허가일자"": ""2019-02-22""}"
2204,2204,에제르파크,일반야영장,37.4570283,126.7719438,인천 남동구 만의골로 155 (장수동),0,0,0,0,0,0,0,0,0,0,0,,,2019-07-12,2019-02-25,,,,,,,,,,,,,,,"{""Unnamed: 0"": 2204, ""캠핑(야영)장명"": ""에제르파크"", ""캠핑(야영)장구분"": ""일반야영장"", ""위도"": ""37.4570283"", ""경도"": ""126.7719438"", ""주소_x"": ""인천 남동구 만의골로 155 (장수동)"", ""데이터기준일자_x"": ""2019-07-12"", ""인허가일자"": ""2019-02-25""}"
2205,2205,내리계곡 솔바람 캠핑장,일반야영장,37.1024406,128.6820606,강원 영월군 김삿갓면 내리계곡로 1039-14,0,0,0,0,0,0,0,0,0,0,0,,,2019-07-12,2019-02-26,,,,,,,,,,,,,,,"{""Unnamed: 0"": 2205, ""캠핑(야영)장명"": ""내리계곡 솔바람 캠핑장"", ""캠핑(야영)장구분"": ""일반야영장"", ""위도"": ""37.1024406"", ""경도"": ""128.6820606"", ""주소_x"": ""강원 영월군 김삿갓면 내리계곡로 1039-14"", ""데이터기준일자_x"": ""2019-07-12"", ""인허가일자"": ""2019-02-26""}"
2206,2206,해자연캠핑장,일반야영장,37.7017905,127.2640635,경기 남양주시 오남읍 팔현로175번길 310-60,4,0,0,0,0,0,0,0,0,0,0,,,2019-07-12,2019-02-27,,,,,,,,,,,,,,,"{""Unnamed: 0"": 2206, ""캠핑(야영)장명"": ""해자연캠핑장"", ""캠핑(야영)장구분"": ""일반야영장"", ""위도"": ""37.7017905"", ""경도"": ""127.2640635"", ""주소_x"": ""경기 남양주시 오남읍 팔현로175번길 310-60"", ""일반야영장수"": 4, ""데이터기준일자_x"": ""2019-07-12"", ""인허가일자"": ""2019-02-27""}"
2207,2207,수덕 캠핑장,일반야영장,36.6719608,126.6492613,충남 예산군 덕산면 노곡길 15,29,0,0,0,0,0,0,0,0,0,0,,,2019-07-12,2019-02-28,,,,,,,,,,,,,,,"{""Unnamed: 0"": 2207, ""캠핑(야영)장명"": ""수덕 캠핑장"", ""캠핑(야영)장구분"": ""일반야영장"", ""위도"": ""36.6719608"", ""경도"": ""126.6492613"", ""주소_x"": ""충남 예산군 덕산면 노곡길 15"", ""일반야영장수"": 29, ""데이터기준일자_x"": ""2019-07-12"", ""인허가일자"": ""2019-02-28""}"
2208,2208,마노힐링캠프,"일반야영장,카라반",37.1977373,127.2732285,경기 용인시 처인구 동부로729번길 112 (해곡동),11,0,0,11,0,0,0,0,0,0,0,,,2019-07-12,2019-03-12,,,,,,,,,,,,,,,"{""Unnamed: 0"": 2208, ""캠핑(야영)장명"": ""마노힐링캠프"", ""캠핑(야영)장구분"": ""일반야영장,카라반"", ""위도"": ""37.1977373"", ""경도"": ""127.2732285"", ""주소_x"": ""경기 용인시 처인구 동부로729번길 112 (해곡동)"", ""일반야영장수"": 11, ""카라반"": 11, ""데이터기준일자_x"": ""2019-07-12"", ""인허가일자"": ""2019-03-12""}"
2209,2209,도봉야영장,일반야영장,37.6953511,127.0468991,경기 의정부시 창포원로 81 (호원동),18,0,0,0,0,0,0,0,0,0,0,,,2019-07-12,2019-03-14,,,,,,,,,,,,,,,"{""Unnamed: 0"": 2209, ""캠핑(야영)장명"": ""도봉야영장"", ""캠핑(야영)장구분"": ""일반야영장"", ""위도"": ""37.6953511"", ""경도"": ""127.0468991"", ""주소_x"": ""경기 의정부시 창포원로 81 (호원동)"", ""일반야영장수"": 18, ""데이터기준일자_x"": ""2019-07-12"", ""인허가일자"": ""2019-03-14""}"
2210,2210,몽산포오토캠핑장,일반야영장,36.815381,127.786704,충남 태안군 남면 몽산포길 67-29,0,0,0,0,0,0,0,0,0,0,0,,,2019-07-12,2018-06-14,,,,,,,,,,,,,,,"{""Unnamed: 0"": 2210, ""캠핑(야영)장명"": ""몽산포오토캠핑장"", ""캠핑(야영)장구분"": ""일반야영장"", ""위도"": ""36.815381"", ""경도"": ""127.786704"", ""주소_x"": ""충남 태안군 남면 몽산포길 67-29"", ""데이터기준일자_x"": ""2019-07-12"", ""인허가일자"": ""2018-06-14""}"
2211,2211,몽산포패밀리데이캠핑장,일반야영장,36.6719184,126.2880564,충남 태안군 남면 몽산포길 67-9,0,0,0,0,0,0,0,0,0,0,0,,,2019-07-12,2017-05-25,,,,,,,,,,,,,,,"{""Unnamed: 0"": 2211, ""캠핑(야영)장명"": ""몽산포패밀리데이캠핑장"", ""캠핑(야영)장구분"": ""일반야영장"", ""위도"": ""36.6719184"", ""경도"": ""126.2880564"", ""주소_x"": ""충남 태안군 남면 몽산포길 67-9"", ""데이터기준일자_x"": ""2019-07-12"", ""인허가일자"": ""2017-05-25""}"
2212,2212,솔향기캠핑장(농업회사법인(주)만리포솔향기관광농원),일반야영장,36.7779892,126.1431144,충남 태안군 소원면 모항항길 29,0,0,0,0,0,0,0,0,0,0,0,,,2019-07-12,2019-03-28,,,,,,,,,,,,,,,"{""Unnamed: 0"": 2212, ""캠핑(야영)장명"": ""솔향기캠핑장(농업회사법인(주)만리포솔향기관광농원)"", ""캠핑(야영)장구분"": ""일반야영장"", ""위도"": ""36.7779892"", ""경도"": ""126.1431144"", ""주소_x"": ""충남 태안군 소원면 모항항길 29"", ""데이터기준일자_x"": ""2019-07-12"", ""인허가일자"": ""2019-03-28""}"
2213,2213,청도 과수원 글램핑 타운,일반야영장,35.7089713,128.818137,경북 청도군 매전면 관하실길 28-42,0,0,0,0,0,0,0,0,0,0,0,,,2019-07-12,2019-03-04,,,,,,,,,,,,,,,"{""Unnamed: 0"": 2213, ""캠핑(야영)장명"": ""청도 과수원 글램핑 타운"", ""캠핑(야영)장구분"": ""일반야영장"", ""위도"": ""35.7089713"", ""경도"": ""128.818137"", ""주소_x"": ""경북 청도군 매전면 관하실길 28-42"", ""데이터기준일자_x"": ""2019-07-12"", ""인허가일자"": ""2019-03-04""}"
2214,2214,별빛마루 야영장,일반야영장,36.2189407,127.271646,충남 논산시 벌곡면 대둔로 970,4,0,0,0,0,0,0,0,0,0,0,,,2019-07-12,2019-03-05,,,,,,,,,,,,,,,"{""Unnamed: 0"": 2214, ""캠핑(야영)장명"": ""별빛마루 야영장"", ""캠핑(야영)장구분"": ""일반야영장"", ""위도"": ""36.2189407"", ""경도"": ""127.271646"", ""주소_x"": ""충남 논산시 벌곡면 대둔로 970"", ""일반야영장수"": 4, ""데이터기준일자_x"": ""2019-07-12"", ""인허가일자"": ""2019-03-05""}"
2215,2215,나는숲이다,일반야영장,37.7935547,127.8897966,강원 홍천군 화촌면 도심리길 269-16,0,0,0,0,0,0,0,0,0,0,0,,,2019-07-12,2019-03-08,,,,,,,,,,,,,,,"{""Unnamed: 0"": 2215, ""캠핑(야영)장명"": ""나는숲이다"", ""캠핑(야영)장구분"": ""일반야영장"", ""위도"": ""37.7935547"", ""경도"": ""127.8897966"", ""주소_x"": ""강원 홍천군 화촌면 도심리길 269-16"", ""데이터기준일자_x"": ""2019-07-12"", ""인허가일자"": ""2019-03-08""}"
2216,2216,젤루느린 달팽이,일반야영장,36.6765653,127.9596959,경북 문경시 가은읍 대야로 1290,0,0,0,0,0,0,0,0,0,0,0,,,2019-07-12,2019-03-12,,,,,,,,,,,0507-1314-7029,,,,"{""Unnamed: 0"": 2216, ""캠핑(야영)장명"": ""젤루느린 달팽이"", ""캠핑(야영)장구분"": ""일반야영장"", ""위도"": ""36.6765653"", ""경도"": ""127.9596959"", ""주소_x"": ""경북 문경시 가은읍 대야로 1290"", ""데이터기준일자_x"": ""2019-07-12"", ""인허가일자"": ""2019-03-12"", ""전화번호_x"": ""0507-1314-7029""}"
2217,2217,아르보리아파크 캠핑장,자동차야영장,37.6104188,126.5074352,인천 강화군 길상면 장흥로101번길 65,17,6,0,0,3,4,4,23,5,0,0,"전기,무선인터넷,장작판매,온수,물놀이장,산책로,마트.편의점",,2019-07-12,2019-03-13,,,,,,,,,,,,,,,"{""Unnamed: 0"": 2217, ""캠핑(야영)장명"": ""아르보리아파크 캠핑장"", ""캠핑(야영)장구분"": ""자동차야영장"", ""위도"": ""37.6104188"", ""경도"": ""126.5074352"", ""주소_x"": ""인천 강화군 길상면 장흥로101번길 65"", ""일반야영장수"": 17, ""자동차야영장"": 6, ""화장실"": 3, ""샤워실"": 4, ""개수대"": 4, ""소화기"": 23, ""방화수"": 5, ""기타부대시설 1"": ""전기,무선인터넷,장작판매,온수,물놀이장,산책로,마트.편의점"", ""데이터기준일자_x"": ""2019-07-12"", ""인허가일자"": ""2019-03-13""}"
2218,2218,은빛모래야영장,일반야영장,36.8971075,126.203977,충남 태안군 원북면 옥파로 1157-17,20,0,0,0,0,0,0,0,0,0,0,,,2019-07-12,2019-03-13,,,,,,,,,,,,,,,"{""Unnamed: 0"": 2218, ""캠핑(야영)장명"": ""은빛모래야영장"", ""캠핑(야영)장구분"": ""일반야영장"", ""위도"": ""36.8971075"", ""경도"": ""126.203977"", ""주소_x"": ""충남 태안군 원북면 옥파로 1157-17"", ""일반야영장수"": 20, ""데이터기준일자_x"": ""2019-07-12"", ""인허가일자"": ""2019-03-13""}"
2219,2219,청주시 미래지농촌테마공원 오토캠핑장,자동차야영장,36.7318247,127.4044612,충북 청주시 청원구 오창읍 미래지로 68,0,0,0,0,0,0,0,0,0,0,0,,,2019-07-12,,,,,,,,,,,,,,,,"{""Unnamed: 0"": 2219, ""캠핑(야영)장명"": ""청주시 미래지농촌테마공원 오토캠핑장"", ""캠핑(야영)장구분"": ""자동차야영장"", ""위도"": ""36.7318247"", ""경도"": ""127.4044612"", ""주소_x"": ""충북 청주시 청원구 오창읍 미래지로 68"", ""데이터기준일자_x"": ""2019-07-12""}"
2220,2220,그라티아 글램핑,"일반야영장,글램핑",37.8152742,127.4547662,경기 가평군 가평읍 태봉두밀로 421-24,0,0,0,0,0,0,0,0,0,0,0,,,2019-07-12,2019-03-14,,,,,,,,,,,,,,,"{""Unnamed: 0"": 2220, ""캠핑(야영)장명"": ""그라티아 글램핑"", ""캠핑(야영)장구분"": ""일반야영장,글램핑"", ""위도"": ""37.8152742"", ""경도"": ""127.4547662"", ""주소_x"": ""경기 가평군 가평읍 태봉두밀로 421-24"", ""데이터기준일자_x"": ""2019-07-12"", ""인허가일자"": ""2019-03-14""}"
2221,2221,진밭골야영장,"일반야영장,자동차야영장",35.8169547,128.6602697,대구 수성구 진밭길 112 (범물동),11,11,0,5,2,10,20,32,0,2,5,"전기,온수,마트.편의점",,2019-07-12,2019-04-08,,,,,,,,,,,,,,,"{""Unnamed: 0"": 2221, ""캠핑(야영)장명"": ""진밭골야영장"", ""캠핑(야영)장구분"": ""일반야영장,자동차야영장"", ""위도"": ""35.8169547"", ""경도"": ""128.6602697"", ""주소_x"": ""대구 수성구 진밭길 112 (범물동)"", ""일반야영장수"": 11, ""자동차야영장"": 11, ""카라반"": 5, ""화장실"": 2, ""샤워실"": 10, ""개수대"": 20, ""소화기"": 32, ""방화사"": 2, ""화재감지기"": 5, ""기타부대시설 1"": ""전기,온수,마트.편의점"", ""데이터기준일자_x"": ""2019-07-12"", ""인허가일자"": ""2019-04-08""}"
2222,2222,와우파크,"일반야영장,카라반",37.8410451,128.8724917,강원 강릉시 사천면 공회당길 7-13,0,0,0,0,0,0,0,0,0,0,0,,,2019-07-12,2019-03-21,,,,,,,,,,,,,,,"{""Unnamed: 0"": 2222, ""캠핑(야영)장명"": ""와우파크"", ""캠핑(야영)장구분"": ""일반야영장,카라반"", ""위도"": ""37.8410451"", ""경도"": ""128.8724917"", ""주소_x"": ""강원 강릉시 사천면 공회당길 7-13"", ""데이터기준일자_x"": ""2019-07-12"", ""인허가일자"": ""2019-03-21""}"
2223,2223,팜스토리,일반야영장,35.8041012,128.9764245,경북 청도군 운문면 운북로 443-18,0,0,0,0,0,0,0,0,0,0,0,,,2019-07-12,2019-03-26,,,,,,,,,,,,,,,"{""Unnamed: 0"": 2223, ""캠핑(야영)장명"": ""팜스토리"", ""캠핑(야영)장구분"": ""일반야영장"", ""위도"": ""35.8041012"", ""경도"": ""128.9764245"", ""주소_x"": ""경북 청도군 운문면 운북로 443-18"", ""데이터기준일자_x"": ""2019-07-12"", ""인허가일자"": ""2019-03-26""}"
2224,2224,트리앤캠프스토리,일반야영장,38.1604288,127.9636198,강원 양구군 양구읍 성곡로 849,0,0,0,0,0,0,0,0,0,0,0,,,2019-07-12,2019-03-27,,,,,,,,,,,,,,,"{""Unnamed: 0"": 2224, ""캠핑(야영)장명"": ""트리앤캠프스토리"", ""캠핑(야영)장구분"": ""일반야영장"", ""위도"": ""38.1604288"", ""경도"": ""127.9636198"", ""주소_x"": ""강원 양구군 양구읍 성곡로 849"", ""데이터기준일자_x"": ""2019-07-12"", ""인허가일자"": ""2019-03-27""}"
2225,2225,사목힐링캠프 태안캠핑농원,일반야영장,36.9198291,126.2929339,충남 태안군 이원면 사목길 38,0,0,0,0,0,0,0,0,0,0,0,,,2019-07-12,2019-03-27,,,,,,,,,,,,,,,"{""Unnamed: 0"": 2225, ""캠핑(야영)장명"": ""사목힐링캠프 태안캠핑농원"", ""캠핑(야영)장구분"": ""일반야영장"", ""위도"": ""36.9198291"", ""경도"": ""126.2929339"", ""주소_x"": ""충남 태안군 이원면 사목길 38"", ""데이터기준일자_x"": ""2019-07-12"", ""인허가일자"": ""2019-03-27""}"
2226,2226,충주 커피박물관 관광농원 야영장,일반야영장,36.9045459,128.0145503,충북 충주시 살미면 월악로 432,0,0,0,0,0,0,0,0,0,0,0,,,2019-07-12,2019-03-28,,,,,,,,,,,,,,,"{""Unnamed: 0"": 2226, ""캠핑(야영)장명"": ""충주 커피박물관 관광농원 야영장"", ""캠핑(야영)장구분"": ""일반야영장"", ""위도"": ""36.9045459"", ""경도"": ""128.0145503"", ""주소_x"": ""충북 충주시 살미면 월악로 432"", ""데이터기준일자_x"": ""2019-07-12"", ""인허가일자"": ""2019-03-28""}"
2227,2227,독립기념관 캠핑장,자동차야영장,36.781872,127.2303981,충남 천안시 동남구 목천읍 독립기념관로 1,0,0,0,0,0,0,0,0,0,0,0,,,2019-07-12,2019-03-29,,,,,,,,,,,,,,,"{""Unnamed: 0"": 2227, ""캠핑(야영)장명"": ""독립기념관 캠핑장"", ""캠핑(야영)장구분"": ""자동차야영장"", ""위도"": ""36.781872"", ""경도"": ""127.2303981"", ""주소_x"": ""충남 천안시 동남구 목천읍 독립기념관로 1"", ""데이터기준일자_x"": ""2019-07-12"", ""인허가일자"": ""2019-03-29""}"
2228,2228,물동네힐링 야영장,"일반야영장,자동차야영장",37.7174539,127.3158468,경기 남양주시 수동면 비룡로 945,44,0,0,0,5,10,10,12,0,0,15,"전기,무선인터넷,장작판매,온수,물놀이장,마트.편의점",근처 영화관 및 바다 있음,2019-07-12,2019-04-10,,,,,,,,,,,,,,,"{""Unnamed: 0"": 2228, ""캠핑(야영)장명"": ""물동네힐링 야영장"", ""캠핑(야영)장구분"": ""일반야영장,자동차야영장"", ""위도"": ""37.7174539"", ""경도"": ""127.3158468"", ""주소_x"": ""경기 남양주시 수동면 비룡로 945"", ""일반야영장수"": 44, ""화장실"": 5, ""샤워실"": 10, ""개수대"": 10, ""소화기"": 12, ""화재감지기"": 15, ""기타부대시설 1"": ""전기,무선인터넷,장작판매,온수,물놀이장,마트.편의점"", ""기타부대시설 2"": ""근처 영화관 및 바다 있음"", ""데이터기준일자_x"": ""2019-07-12"", ""인허가일자"": ""2019-04-10""}"
2229,2229,용담댐 오토 캠핑장,"일반야영장,카라반",35.9366966,127.529745,전북 진안군 안천면 안용로 539,0,1,0,3,0,0,0,0,0,0,0,,,2019-07-12,2019-04-02,,,,,,,,,,,,,,,"{""Unnamed: 0"": 2229, ""캠핑(야영)장명"": ""용담댐 오토 캠핑장"", ""캠핑(야영)장구분"": ""일반야영장,카라반"", ""위도"": ""35.9366966"", ""경도"": ""127.529745"", ""주소_x"": ""전북 진안군 안천면 안용로 539"", ""자동차야영장"": 1, ""카라반"": 3, ""데이터기준일자_x"": ""2019-07-12"", ""인허가일자"": ""2019-04-02""}"
2230,2230,대부관광농원 오캠핑,일반야영장,37.207208,126.54624,경기 안산시 단원구 대남로 642 (대부남동),20,0,0,0,0,0,0,0,0,0,0,,,2019-07-12,2019-04-12,,,,,,,,,,,,,,,"{""Unnamed: 0"": 2230, ""캠핑(야영)장명"": ""대부관광농원 오캠핑"", ""캠핑(야영)장구분"": ""일반야영장"", ""위도"": ""37.207208"", ""경도"": ""126.54624"", ""주소_x"": ""경기 안산시 단원구 대남로 642 (대부남동)"", ""일반야영장수"": 20, ""데이터기준일자_x"": ""2019-07-12"", ""인허가일자"": ""2019-04-12""}"
2231,2231,평화의댐 오토캠핑장,자동차야영장,38.2065288,127.8501067,강원 화천군 화천읍 비수구미길 145-145,0,0,0,0,0,0,0,0,0,0,0,,,2019-07-12,2019-04-01,,,,,,,,,,,,,,,"{""Unnamed: 0"": 2231, ""캠핑(야영)장명"": ""평화의댐 오토캠핑장"", ""캠핑(야영)장구분"": ""자동차야영장"", ""위도"": ""38.2065288"", ""경도"": ""127.8501067"", ""주소_x"": ""강원 화천군 화천읍 비수구미길 145-145"", ""데이터기준일자_x"": ""2019-07-12"", ""인허가일자"": ""2019-04-01""}"
2232,2232,김제 모악산 캠핑파크,"일반야영장,자동차야영장",35.716034,127.0419043,전북 김제시 금산면 모악로 476-31,0,0,0,0,0,0,0,0,0,0,0,,,2019-07-12,2019-04-03,,,,,,,,,,,,,,,"{""Unnamed: 0"": 2232, ""캠핑(야영)장명"": ""김제 모악산 캠핑파크"", ""캠핑(야영)장구분"": ""일반야영장,자동차야영장"", ""위도"": ""35.716034"", ""경도"": ""127.0419043"", ""주소_x"": ""전북 김제시 금산면 모악로 476-31"", ""데이터기준일자_x"": ""2019-07-12"", ""인허가일자"": ""2019-04-03""}"
2233,2233,펫 트리파크,일반야영장,37.1029014,127.7103409,충북 충주시 앙성면 둔터로 625-31,0,0,0,0,0,0,0,0,0,0,0,,,2019-07-12,2019-04-04,,,,,,,,,,,,,,,"{""Unnamed: 0"": 2233, ""캠핑(야영)장명"": ""펫 트리파크"", ""캠핑(야영)장구분"": ""일반야영장"", ""위도"": ""37.1029014"", ""경도"": ""127.7103409"", ""주소_x"": ""충북 충주시 앙성면 둔터로 625-31"", ""데이터기준일자_x"": ""2019-07-12"", ""인허가일자"": ""2019-04-04""}"
2234,2234,상주 감꽃마을 서울캠핑장,자동차야영장,36.330108,128.21345,경북 상주시 낙동면 선상서로 1587,0,20,0,0,0,0,0,0,0,0,0,,,2019-07-12,2019-04-09,,,,,,,,,,,,,,,"{""Unnamed: 0"": 2234, ""캠핑(야영)장명"": ""상주 감꽃마을 서울캠핑장"", ""캠핑(야영)장구분"": ""자동차야영장"", ""위도"": ""36.330108"", ""경도"": ""128.21345"", ""주소_x"": ""경북 상주시 낙동면 선상서로 1587"", ""자동차야영장"": 20, ""데이터기준일자_x"": ""2019-07-12"", ""인허가일자"": ""2019-04-09""}"
2235,2235,(주)하늘마음바이오 홍천지점 알파카스테이,"일반야영장,에어컨",37.8331987,127.8882513,강원 홍천군 화촌면 가락재로 206,0,0,0,0,2,1,0,12,0,0,0,전기,,2019-07-12,2019-04-10,,,,,,,,,,,,,,,"{""Unnamed: 0"": 2235, ""캠핑(야영)장명"": ""(주)하늘마음바이오 홍천지점 알파카스테이"", ""캠핑(야영)장구분"": ""일반야영장,에어컨"", ""위도"": ""37.8331987"", ""경도"": ""127.8882513"", ""주소_x"": ""강원 홍천군 화촌면 가락재로 206"", ""화장실"": 2, ""샤워실"": 1, ""소화기"": 12, ""기타부대시설 1"": ""전기"", ""데이터기준일자_x"": ""2019-07-12"", ""인허가일자"": ""2019-04-10""}"
2236,2236,달콤이네 캠핑장,일반야영장,37.311542,127.80065,강원 원주시 문막읍 취병로 106,0,0,0,0,0,0,0,0,0,0,0,,,2019-07-12,2019-04-11,,,,,,,,,,,,,,,"{""Unnamed: 0"": 2236, ""캠핑(야영)장명"": ""달콤이네 캠핑장"", ""캠핑(야영)장구분"": ""일반야영장"", ""위도"": ""37.311542"", ""경도"": ""127.80065"", ""주소_x"": ""강원 원주시 문막읍 취병로 106"", ""데이터기준일자_x"": ""2019-07-12"", ""인허가일자"": ""2019-04-11""}"
2237,2237,노을캠핑장,일반야영장,37.6893261,126.3892759,인천 강화군 양도면 해안서로 695,0,0,0,0,0,0,0,0,0,0,0,,,2019-07-12,2019-04-15,,,,,,,,,,,,,,,"{""Unnamed: 0"": 2237, ""캠핑(야영)장명"": ""노을캠핑장"", ""캠핑(야영)장구분"": ""일반야영장"", ""위도"": ""37.6893261"", ""경도"": ""126.3892759"", ""주소_x"": ""인천 강화군 양도면 해안서로 695"", ""데이터기준일자_x"": ""2019-07-12"", ""인허가일자"": ""2019-04-15""}"
2238,2238,어망골 캠핑장,일반야영장,36.505794,126.490541,충남 보령시 천북면 사호장은로 638,0,0,0,0,0,0,0,0,0,0,0,,,2019-07-12,2019-04-18,,,,,,,,,,,,,,,"{""Unnamed: 0"": 2238, ""캠핑(야영)장명"": ""어망골 캠핑장"", ""캠핑(야영)장구분"": ""일반야영장"", ""위도"": ""36.505794"", ""경도"": ""126.490541"", ""주소_x"": ""충남 보령시 천북면 사호장은로 638"", ""데이터기준일자_x"": ""2019-07-12"", ""인허가일자"": ""2019-04-18""}"
2239,2239,라곰 캠핑힐,"일반야영장,자동차야영장",35.181077,127.754772,경남 하동군 청암면 사동길 2,5,7,0,0,5,8,5,7,0,0,4,"전기,무선인터넷,장작판매,온수,트렘폴린,물놀이장,산책로,마트.편의점",,2019-07-12,2019-04-18,,,,,,,,,,,,,,,"{""Unnamed: 0"": 2239, ""캠핑(야영)장명"": ""라곰 캠핑힐"", ""캠핑(야영)장구분"": ""일반야영장,자동차야영장"", ""위도"": ""35.181077"", ""경도"": ""127.754772"", ""주소_x"": ""경남 하동군 청암면 사동길 2"", ""일반야영장수"": 5, ""자동차야영장"": 7, ""화장실"": 5, ""샤워실"": 8, ""개수대"": 5, ""소화기"": 7, ""화재감지기"": 4, ""기타부대시설 1"": ""전기,무선인터넷,장작판매,온수,트렘폴린,물놀이장,산책로,마트.편의점"", ""데이터기준일자_x"": ""2019-07-12"", ""인허가일자"": ""2019-04-18""}"
2240,2240,광릉해오름캠핑장&글램핑,"일반야영장,글램핑",37.778773,127.146514,경기 포천시 소흘읍 광릉수목원로874번길 9,1,0,8,0,0,0,0,0,0,0,0,,,2019-07-12,2019-04-23,,,,,,,,,,,,,,,"{""Unnamed: 0"": 2240, ""캠핑(야영)장명"": ""광릉해오름캠핑장&글램핑"", ""캠핑(야영)장구분"": ""일반야영장,글램핑"", ""위도"": ""37.778773"", ""경도"": ""127.146514"", ""주소_x"": ""경기 포천시 소흘읍 광릉수목원로874번길 9"", ""일반야영장수"": 1, ""글램핑"": 8, ""데이터기준일자_x"": ""2019-07-12"", ""인허가일자"": ""2019-04-23""}"
2241,2241,해오름 글램핑,"일반야영장,글램핑",37.7776565,127.146051,경기 포천시 소흘읍 광릉수목원로874번길 5,4,0,1,0,0,0,0,0,0,0,0,,,2019-07-12,2019-04-23,,,,,,,,,,,,,,,"{""Unnamed: 0"": 2241, ""캠핑(야영)장명"": ""해오름 글램핑"", ""캠핑(야영)장구분"": ""일반야영장,글램핑"", ""위도"": ""37.7776565"", ""경도"": ""127.146051"", ""주소_x"": ""경기 포천시 소흘읍 광릉수목원로874번길 5"", ""일반야영장수"": 4, ""글램핑"": 1, ""데이터기준일자_x"": ""2019-07-12"", ""인허가일자"": ""2019-04-23""}"
2242,2242,오페라캠핑장,일반야영장,37.8022444,128.0042054,강원 홍천군 내촌면 아홉사리로 104-15,0,0,0,0,0,0,0,0,0,0,0,,,2019-07-12,2019-02-08,,,,,,,,,,,,,,,"{""Unnamed: 0"": 2242, ""캠핑(야영)장명"": ""오페라캠핑장"", ""캠핑(야영)장구분"": ""일반야영장"", ""위도"": ""37.8022444"", ""경도"": ""128.0042054"", ""주소_x"": ""강원 홍천군 내촌면 아홉사리로 104-15"", ""데이터기준일자_x"": ""2019-07-12"", ""인허가일자"": ""2019-02-08""}"
2243,2243,다옴캠핑장,일반야영장,35.962401,129.283461,경북 경주시 강동면 오금큰길 332-3,0,0,0,0,0,0,0,0,0,0,0,,,2019-07-12,2019-03-19,,,,,,,,,,,,,,,"{""Unnamed: 0"": 2243, ""캠핑(야영)장명"": ""다옴캠핑장"", ""캠핑(야영)장구분"": ""일반야영장"", ""위도"": ""35.962401"", ""경도"": ""129.283461"", ""주소_x"": ""경북 경주시 강동면 오금큰길 332-3"", ""데이터기준일자_x"": ""2019-07-12"", ""인허가일자"": ""2019-03-19""}"
2244,2244,stay714,일반야영장,37.6335723,127.4751344,경기 가평군 설악면 가마소길 17-500,0,0,0,0,0,0,0,0,0,0,0,,,2019-07-12,2018-04-26,,,,,,,,,,,,,,,"{""Unnamed: 0"": 2244, ""캠핑(야영)장명"": ""stay714"", ""캠핑(야영)장구분"": ""일반야영장"", ""위도"": ""37.6335723"", ""경도"": ""127.4751344"", ""주소_x"": ""경기 가평군 설악면 가마소길 17-500"", ""데이터기준일자_x"": ""2019-07-12"", ""인허가일자"": ""2018-04-26""}"
2245,2245,깊이울관광농원(깊이울 캠핑장),"일반야영장,자동차야영장",37.9239705,127.175917,경기 포천시 신북면 깊이울로 139-8,8,14,0,0,3,1,7,15,0,0,0,"전기,장작판매,온수,마트.편의점",,2019-07-12,2018-09-04,,,,,,,,,,,,,,,"{""Unnamed: 0"": 2245, ""캠핑(야영)장명"": ""깊이울관광농원(깊이울 캠핑장)"", ""캠핑(야영)장구분"": ""일반야영장,자동차야영장"", ""위도"": ""37.9239705"", ""경도"": ""127.175917"", ""주소_x"": ""경기 포천시 신북면 깊이울로 139-8"", ""일반야영장수"": 8, ""자동차야영장"": 14, ""화장실"": 3, ""샤워실"": 1, ""개수대"": 7, ""소화기"": 15, ""기타부대시설 1"": ""전기,장작판매,온수,마트.편의점"", ""데이터기준일자_x"": ""2019-07-12"", ""인허가일자"": ""2018-09-04""}"
2246,2246,홍천 쁘띠힐링카라반,"자동차야영장,카라반",37.6865314,127.7318824,강원 홍천군 북방면 노일로310번길 4,0,0,0,0,0,0,0,0,0,0,0,,,2019-07-12,2019-05-15,,,,,,,,,,,,,,,"{""Unnamed: 0"": 2246, ""캠핑(야영)장명"": ""홍천 쁘띠힐링카라반"", ""캠핑(야영)장구분"": ""자동차야영장,카라반"", ""위도"": ""37.6865314"", ""경도"": ""127.7318824"", ""주소_x"": ""강원 홍천군 북방면 노일로310번길 4"", ""데이터기준일자_x"": ""2019-07-12"", ""인허가일자"": ""2019-05-15""}"
2247,2247,마로니에숲 캠핑장,일반야영장,36.2449704,127.5943294,충북 옥천군 이원면 장찬길 159-73,0,0,0,0,0,0,0,0,0,0,0,,,2019-07-12,2019-05-02,,,,,,,,,,,,,,,"{""Unnamed: 0"": 2247, ""캠핑(야영)장명"": ""마로니에숲 캠핑장"", ""캠핑(야영)장구분"": ""일반야영장"", ""위도"": ""36.2449704"", ""경도"": ""127.5943294"", ""주소_x"": ""충북 옥천군 이원면 장찬길 159-73"", ""데이터기준일자_x"": ""2019-07-12"", ""인허가일자"": ""2019-05-02""}"
2248,2248,돌개 마실 캠핑장,자동차야영장,35.6079418,126.5877814,전북 부안군 진서면 구룡댐길 65,0,0,0,0,0,0,0,0,0,0,0,,,2019-07-12,2019-05-03,,,,,,,,,,,,,,,"{""Unnamed: 0"": 2248, ""캠핑(야영)장명"": ""돌개 마실 캠핑장"", ""캠핑(야영)장구분"": ""자동차야영장"", ""위도"": ""35.6079418"", ""경도"": ""126.5877814"", ""주소_x"": ""전북 부안군 진서면 구룡댐길 65"", ""데이터기준일자_x"": ""2019-07-12"", ""인허가일자"": ""2019-05-03""}"
2249,2249,월드니스 오토캠핑장,일반야영장,37.2999296,128.220671,강원 영월군 무릉도원면 도원운학로 475-10,32,0,0,0,0,0,0,0,0,0,0,,,2019-07-12,2019-05-07,,,,,,,,,,,,,,,"{""Unnamed: 0"": 2249, ""캠핑(야영)장명"": ""월드니스 오토캠핑장"", ""캠핑(야영)장구분"": ""일반야영장"", ""위도"": ""37.2999296"", ""경도"": ""128.220671"", ""주소_x"": ""강원 영월군 무릉도원면 도원운학로 475-10"", ""일반야영장수"": 32, ""데이터기준일자_x"": ""2019-07-12"", ""인허가일자"": ""2019-05-07""}"
2250,2250,갈릴리 야영장,일반야영장,36.999756,126.920887,경기 평택시 안중읍 안중북로 119,0,0,0,0,0,0,0,0,0,0,0,,,2019-07-12,2019-05-08,,,,,,,,,,,,,,,"{""Unnamed: 0"": 2250, ""캠핑(야영)장명"": ""갈릴리 야영장"", ""캠핑(야영)장구분"": ""일반야영장"", ""위도"": ""36.999756"", ""경도"": ""126.920887"", ""주소_x"": ""경기 평택시 안중읍 안중북로 119"", ""데이터기준일자_x"": ""2019-07-12"", ""인허가일자"": ""2019-05-08""}"
2251,2251,백미리 희망캠핑장,일반야영장,37.1473174,126.6828463,경기 화성시 서신면 백미길 210-24,44,0,0,0,0,0,0,0,0,0,0,,,2019-07-12,2019-05-08,,,,,,,,,,,,,,,"{""Unnamed: 0"": 2251, ""캠핑(야영)장명"": ""백미리 희망캠핑장"", ""캠핑(야영)장구분"": ""일반야영장"", ""위도"": ""37.1473174"", ""경도"": ""126.6828463"", ""주소_x"": ""경기 화성시 서신면 백미길 210-24"", ""일반야영장수"": 44, ""데이터기준일자_x"": ""2019-07-12"", ""인허가일자"": ""2019-05-08""}"
2252,2252,외룡송어회 캠핑장,일반야영장,37.116822,128.6422778,강원 영월군 김삿갓면 직실길 7,0,0,0,0,0,0,0,0,0,0,0,,,2019-07-12,2019-05-09,,,,,,,,,,,,,,,"{""Unnamed: 0"": 2252, ""캠핑(야영)장명"": ""외룡송어회 캠핑장"", ""캠핑(야영)장구분"": ""일반야영장"", ""위도"": ""37.116822"", ""경도"": ""128.6422778"", ""주소_x"": ""강원 영월군 김삿갓면 직실길 7"", ""데이터기준일자_x"": ""2019-07-12"", ""인허가일자"": ""2019-05-09""}"
2253,2253,블루아라 캠핑장,일반야영장,35.444409,126.435715,전북 고창군 상하면 진암구시포로 539-14,0,0,0,0,0,0,0,0,0,0,0,,,2019-07-12,2019-05-09,,,,,,,,,,,,,,,"{""Unnamed: 0"": 2253, ""캠핑(야영)장명"": ""블루아라 캠핑장"", ""캠핑(야영)장구분"": ""일반야영장"", ""위도"": ""35.444409"", ""경도"": ""126.435715"", ""주소_x"": ""전북 고창군 상하면 진암구시포로 539-14"", ""데이터기준일자_x"": ""2019-07-12"", ""인허가일자"": ""2019-05-09""}"
2254,2254,시공간,일반야영장,34.5479582,127.7265031,전남 여수시 남면 솔고지길 105,0,0,0,0,0,0,0,0,0,0,0,,,2019-07-12,2019-05-13,,,,,,,,,,,,,,,"{""Unnamed: 0"": 2254, ""캠핑(야영)장명"": ""시공간"", ""캠핑(야영)장구분"": ""일반야영장"", ""위도"": ""34.5479582"", ""경도"": ""127.7265031"", ""주소_x"": ""전남 여수시 남면 솔고지길 105"", ""데이터기준일자_x"": ""2019-07-12"", ""인허가일자"": ""2019-05-13""}"
2255,2255,명파 해변 오토캠핑장,자동차야영장,38.543611,128.405619,강원 고성군 현내면 명파4길 47,0,0,0,0,0,0,0,0,0,0,0,,,2019-07-12,2019-05-13,,,,,,,,,,,,,,,"{""Unnamed: 0"": 2255, ""캠핑(야영)장명"": ""명파 해변 오토캠핑장"", ""캠핑(야영)장구분"": ""자동차야영장"", ""위도"": ""38.543611"", ""경도"": ""128.405619"", ""주소_x"": ""강원 고성군 현내면 명파4길 47"", ""데이터기준일자_x"": ""2019-07-12"", ""인허가일자"": ""2019-05-13""}"
2256,2256,풀앤밸리야영장,일반야영장,37.9931403,128.6526262,강원 양양군 현북면 남대천로 1352,0,0,0,0,0,0,0,0,0,0,0,,,2019-07-12,2019-05-14,,,,,,,,,,,,,,,"{""Unnamed: 0"": 2256, ""캠핑(야영)장명"": ""풀앤밸리야영장"", ""캠핑(야영)장구분"": ""일반야영장"", ""위도"": ""37.9931403"", ""경도"": ""128.6526262"", ""주소_x"": ""강원 양양군 현북면 남대천로 1352"", ""데이터기준일자_x"": ""2019-07-12"", ""인허가일자"": ""2019-05-14""}"
2257,2257,서창캠핑장,일반야영장,37.4386179,126.7551527,인천 남동구 운연로 31 (서창동),0,0,0,0,0,0,0,0,0,0,0,,,2019-07-12,2019-05-15,,,,,,,,,,,,,,,"{""Unnamed: 0"": 2257, ""캠핑(야영)장명"": ""서창캠핑장"", ""캠핑(야영)장구분"": ""일반야영장"", ""위도"": ""37.4386179"", ""경도"": ""126.7551527"", ""주소_x"": ""인천 남동구 운연로 31 (서창동)"", ""데이터기준일자_x"": ""2019-07-12"", ""인허가일자"": ""2019-05-15""}"
2258,2258,정화네 불한증막 힐링캠프,"일반야영장,글램핑",35.6015085,126.7615335,전북 정읍시 고부면 덕신강길 148-4,0,0,3,0,3,7,3,3,0,0,3,"전기,장작판매,온수,물놀이장",,2019-07-12,2019-05-16,,,,,,,,,,,,,,,"{""Unnamed: 0"": 2258, ""캠핑(야영)장명"": ""정화네 불한증막 힐링캠프"", ""캠핑(야영)장구분"": ""일반야영장,글램핑"", ""위도"": ""35.6015085"", ""경도"": ""126.7615335"", ""주소_x"": ""전북 정읍시 고부면 덕신강길 148-4"", ""글램핑"": 3, ""화장실"": 3, ""샤워실"": 7, ""개수대"": 3, ""소화기"": 3, ""화재감지기"": 3, ""기타부대시설 1"": ""전기,장작판매,온수,물놀이장"", ""데이터기준일자_x"": ""2019-07-12"", ""인허가일자"": ""2019-05-16""}"
2259,2259,자바카라반,자동차야영장,37.2347901,126.5303955,인천 옹진군 영흥면 선재로 61-1,0,0,0,0,0,0,0,0,0,0,0,,,2019-07-12,2019-05-17,,,,,,,,,,,,,,,"{""Unnamed: 0"": 2259, ""캠핑(야영)장명"": ""자바카라반"", ""캠핑(야영)장구분"": ""자동차야영장"", ""위도"": ""37.2347901"", ""경도"": ""126.5303955"", ""주소_x"": ""인천 옹진군 영흥면 선재로 61-1"", ""데이터기준일자_x"": ""2019-07-12"", ""인허가일자"": ""2019-05-17""}"
2260,2260,에어스트림파크,자동차야영장,35.5443965,128.053735,경남 합천군 대병면 합천호수로 525,0,0,0,0,0,0,0,0,0,0,0,,,2019-07-12,,,,,,,,,,,,,,,,"{""Unnamed: 0"": 2260, ""캠핑(야영)장명"": ""에어스트림파크"", ""캠핑(야영)장구분"": ""자동차야영장"", ""위도"": ""35.5443965"", ""경도"": ""128.053735"", ""주소_x"": ""경남 합천군 대병면 합천호수로 525"", ""데이터기준일자_x"": ""2019-07-12""}"
2261,2261,민둥산글램핑,일반야영장,37.2353021,128.7821272,강원 정선군 남면 지장천로 146-47,0,0,0,0,0,0,0,0,0,0,0,,,2019-07-12,2019-05-20,,,,,,,,,,,,,,,"{""Unnamed: 0"": 2261, ""캠핑(야영)장명"": ""민둥산글램핑"", ""캠핑(야영)장구분"": ""일반야영장"", ""위도"": ""37.2353021"", ""경도"": ""128.7821272"", ""주소_x"": ""강원 정선군 남면 지장천로 146-47"", ""데이터기준일자_x"": ""2019-07-12"", ""인허가일자"": ""2019-05-20""}"
2262,2262,하와이언캠프,일반야영장,37.2824736,126.457438,인천 옹진군 영흥면 영흥서로446번길 46,0,0,0,0,0,0,0,0,0,0,0,,,2019-07-12,2019-05-21,,,,,,,,,,,,,,,"{""Unnamed: 0"": 2262, ""캠핑(야영)장명"": ""하와이언캠프"", ""캠핑(야영)장구분"": ""일반야영장"", ""위도"": ""37.2824736"", ""경도"": ""126.457438"", ""주소_x"": ""인천 옹진군 영흥면 영흥서로446번길 46"", ""데이터기준일자_x"": ""2019-07-12"", ""인허가일자"": ""2019-05-21""}"
2263,2263,용추솔밭관광농원,"일반야영장,글램핑",35.6761566,127.7756497,경남 함양군 안의면 용추계곡로 494-6,0,0,0,0,0,0,0,0,0,0,0,,,2019-07-12,2019-05-21,,,,,,,,,,,,,,,"{""Unnamed: 0"": 2263, ""캠핑(야영)장명"": ""용추솔밭관광농원"", ""캠핑(야영)장구분"": ""일반야영장,글램핑"", ""위도"": ""35.6761566"", ""경도"": ""127.7756497"", ""주소_x"": ""경남 함양군 안의면 용추계곡로 494-6"", ""데이터기준일자_x"": ""2019-07-12"", ""인허가일자"": ""2019-05-21""}"
2264,2264,광주패밀리랜드 카라반캠핑장,자동차야영장,35.223736,126.891612,광주 북구 우치로 677 (생용동),0,0,0,0,0,0,0,0,0,0,0,,,2019-07-12,2019-05-22,,,,,,,,,,,,,,,"{""Unnamed: 0"": 2264, ""캠핑(야영)장명"": ""광주패밀리랜드 카라반캠핑장"", ""캠핑(야영)장구분"": ""자동차야영장"", ""위도"": ""35.223736"", ""경도"": ""126.891612"", ""주소_x"": ""광주 북구 우치로 677 (생용동)"", ""데이터기준일자_x"": ""2019-07-12"", ""인허가일자"": ""2019-05-22""}"
2265,2265,두레캠핑장,일반야영장,37.768817,127.470111,경기 가평군 청평면 상지로 171,0,0,0,0,6,5,7,8,0,0,0,"전기,무선인터넷,장작판매,온수,물놀이장,산책로,마트.편의점",,2019-07-12,2019-05-29,,,,,,,,,,,,,,,"{""Unnamed: 0"": 2265, ""캠핑(야영)장명"": ""두레캠핑장"", ""캠핑(야영)장구분"": ""일반야영장"", ""위도"": ""37.768817"", ""경도"": ""127.470111"", ""주소_x"": ""경기 가평군 청평면 상지로 171"", ""화장실"": 6, ""샤워실"": 5, ""개수대"": 7, ""소화기"": 8, ""기타부대시설 1"": ""전기,무선인터넷,장작판매,온수,물놀이장,산책로,마트.편의점"", ""데이터기준일자_x"": ""2019-07-12"", ""인허가일자"": ""2019-05-29""}"
2266,2266,솔향강릉오토캠핑장,자동차야영장,37.77286,128.941027,강원 강릉시 경강로 2580 (견소동),0,0,0,0,0,0,0,0,0,0,0,,,2019-07-12,2019-05-29,,,,,,,,,,,,,,,"{""Unnamed: 0"": 2266, ""캠핑(야영)장명"": ""솔향강릉오토캠핑장"", ""캠핑(야영)장구분"": ""자동차야영장"", ""위도"": ""37.77286"", ""경도"": ""128.941027"", ""주소_x"": ""강원 강릉시 경강로 2580 (견소동)"", ""데이터기준일자_x"": ""2019-07-12"", ""인허가일자"": ""2019-05-29""}"
2267,2267,섬진강캠핑장,자동차야영장,35.6230461,127.038779,전북 정읍시 산외면 산외로 445-30,0,0,0,0,0,0,0,0,0,0,0,,,2019-07-12,2019-05-29,,,,,,,,,,,,,,,"{""Unnamed: 0"": 2267, ""캠핑(야영)장명"": ""섬진강캠핑장"", ""캠핑(야영)장구분"": ""자동차야영장"", ""위도"": ""35.6230461"", ""경도"": ""127.038779"", ""주소_x"": ""전북 정읍시 산외면 산외로 445-30"", ""데이터기준일자_x"": ""2019-07-12"", ""인허가일자"": ""2019-05-29""}"
2268,2268,삿갓펜션 캠핑장,일반야영장,37.0910858,128.6034693,강원 영월군 김삿갓면 김삿갓로 362,0,0,0,0,0,0,0,0,0,0,0,,,2019-07-12,2019-05-31,,,,,,,,,,,,,,,"{""Unnamed: 0"": 2268, ""캠핑(야영)장명"": ""삿갓펜션 캠핑장"", ""캠핑(야영)장구분"": ""일반야영장"", ""위도"": ""37.0910858"", ""경도"": ""128.6034693"", ""주소_x"": ""강원 영월군 김삿갓면 김삿갓로 362"", ""데이터기준일자_x"": ""2019-07-12"", ""인허가일자"": ""2019-05-31""}"
2269,2269,히어리,일반야영장,37.1050098,128.6028469,강원 영월군 김삿갓면 김삿갓로 587-6,0,0,3,0,0,0,0,0,0,0,0,,,2019-07-12,2019-05-31,,,,,,,,,,,,,,,"{""Unnamed: 0"": 2269, ""캠핑(야영)장명"": ""히어리"", ""캠핑(야영)장구분"": ""일반야영장"", ""위도"": ""37.1050098"", ""경도"": ""128.6028469"", ""주소_x"": ""강원 영월군 김삿갓면 김삿갓로 587-6"", ""글램핑"": 3, ""데이터기준일자_x"": ""2019-07-12"", ""인허가일자"": ""2019-05-31""}"
2270,2270,소똥령마을회,일반야영장,38.331179,128.377981,강원 고성군 간성읍 소똥령마을길 32,0,0,0,0,0,0,0,0,0,0,0,,,2019-07-12,,,,,,,,,,,,,,,,"{""Unnamed: 0"": 2270, ""캠핑(야영)장명"": ""소똥령마을회"", ""캠핑(야영)장구분"": ""일반야영장"", ""위도"": ""38.331179"", ""경도"": ""128.377981"", ""주소_x"": ""강원 고성군 간성읍 소똥령마을길 32"", ""데이터기준일자_x"": ""2019-07-12""}"
2271,2271,문암1리 마을회,자동차야영장,38.301645,128.545877,강원 고성군 죽왕면 문암항길 133,0,0,0,0,0,0,0,0,0,0,0,,,2019-07-12,,,,,,,,,,,,,,,,"{""Unnamed: 0"": 2271, ""캠핑(야영)장명"": ""문암1리 마을회"", ""캠핑(야영)장구분"": ""자동차야영장"", ""위도"": ""38.301645"", ""경도"": ""128.545877"", ""주소_x"": ""강원 고성군 죽왕면 문암항길 133"", ""데이터기준일자_x"": ""2019-07-12""}"
2272,2272,넵투누스 카라반,일반야영장,37.703585,127.515035,경기 가평군 청평면 고재길 262-123,0,0,0,0,0,0,0,0,0,0,0,,,2019-07-12,2019-04-24,,,,,,,,,,,,,,,"{""Unnamed: 0"": 2272, ""캠핑(야영)장명"": ""넵투누스 카라반"", ""캠핑(야영)장구분"": ""일반야영장"", ""위도"": ""37.703585"", ""경도"": ""127.515035"", ""주소_x"": ""경기 가평군 청평면 고재길 262-123"", ""데이터기준일자_x"": ""2019-07-12"", ""인허가일자"": ""2019-04-24""}"
2273,2273,대가야캠프타운,일반야영장,35.7951253,128.3174544,경북 고령군 운수면 물한1길 78-8,0,0,0,0,0,0,0,0,0,0,0,,,2019-07-12,2019-04-25,,,,,,,,,,,,,,,"{""Unnamed: 0"": 2273, ""캠핑(야영)장명"": ""대가야캠프타운"", ""캠핑(야영)장구분"": ""일반야영장"", ""위도"": ""35.7951253"", ""경도"": ""128.3174544"", ""주소_x"": ""경북 고령군 운수면 물한1길 78-8"", ""데이터기준일자_x"": ""2019-07-12"", ""인허가일자"": ""2019-04-25""}"
2274,2274,황산도캠핑장,일반야영장,37.62131,126.5383492,인천 강화군 길상면 해안남로65번길 36-15,0,0,0,0,0,0,0,0,0,0,0,,,2019-07-12,2019-04-26,,,,,,,,,,,,,,,"{""Unnamed: 0"": 2274, ""캠핑(야영)장명"": ""황산도캠핑장"", ""캠핑(야영)장구분"": ""일반야영장"", ""위도"": ""37.62131"", ""경도"": ""126.5383492"", ""주소_x"": ""인천 강화군 길상면 해안남로65번길 36-15"", ""데이터기준일자_x"": ""2019-07-12"", ""인허가일자"": ""2019-04-26""}"
2275,2275,다목적광장 야영장,일반야영장,37.4392941,127.7871673,경기 양평군 양동면 계정점말길102번길 195,0,0,0,0,0,0,0,0,0,0,0,,,2019-07-12,2015-10-14,,,,,,,,,,,,,,,"{""Unnamed: 0"": 2275, ""캠핑(야영)장명"": ""다목적광장 야영장"", ""캠핑(야영)장구분"": ""일반야영장"", ""위도"": ""37.4392941"", ""경도"": ""127.7871673"", ""주소_x"": ""경기 양평군 양동면 계정점말길102번길 195"", ""데이터기준일자_x"": ""2019-07-12"", ""인허가일자"": ""2015-10-14""}"
2276,2276,경기도청소년야영장,"자동차야영장,글램핑",37.4221293,127.3767294,경기 광주시 퇴촌면 천진암로 1243,0,20,13,0,3,8,22,0,0,0,0,"전기,온수,산책로,운동장",,2019-07-12,2001-05-18,,,,,,,,,,,,,,,"{""Unnamed: 0"": 2276, ""캠핑(야영)장명"": ""경기도청소년야영장"", ""캠핑(야영)장구분"": ""자동차야영장,글램핑"", ""위도"": ""37.4221293"", ""경도"": ""127.3767294"", ""주소_x"": ""경기 광주시 퇴촌면 천진암로 1243"", ""자동차야영장"": 20, ""글램핑"": 13, ""화장실"": 3, ""샤워실"": 8, ""개수대"": 22, ""기타부대시설 1"": ""전기,온수,산책로,운동장"", ""데이터기준일자_x"": ""2019-07-12"", ""인허가일자"": ""2001-05-18""}"
2277,2277,강릉여행 굿캠핑,"일반야영장,카라반",37.8315351,128.8762615,강원 강릉시 사천면 해안로 904-8,0,0,0,7,0,0,0,9,3,0,7,"전기,무선인터넷,온수,마트.편의점",,2019-07-12,2019-04-08,,,,,,,,,,,,,,,"{""Unnamed: 0"": 2277, ""캠핑(야영)장명"": ""강릉여행 굿캠핑"", ""캠핑(야영)장구분"": ""일반야영장,카라반"", ""위도"": ""37.8315351"", ""경도"": ""128.8762615"", ""주소_x"": ""강원 강릉시 사천면 해안로 904-8"", ""카라반"": 7, ""소화기"": 9, ""방화수"": 3, ""화재감지기"": 7, ""기타부대시설 1"": ""전기,무선인터넷,온수,마트.편의점"", ""데이터기준일자_x"": ""2019-07-12"", ""인허가일자"": ""2019-04-08""}"
2278,2278,몽산포오토캠핑장 2구역,자동차야영장,36.669141,126.288251,,0,0,0,0,9,30,20,12,0,0,0,"전기,장작판매,온수,산책로,마트.편의점",,2019-07-12,2018-08-06,,,,,,,,,,,,,,,"{""Unnamed: 0"": 2278, ""캠핑(야영)장명"": ""몽산포오토캠핑장 2구역"", ""캠핑(야영)장구분"": ""자동차야영장"", ""위도"": ""36.669141"", ""경도"": ""126.288251"", ""화장실"": 9, ""샤워실"": 30, ""개수대"": 20, ""소화기"": 12, ""기타부대시설 1"": ""전기,장작판매,온수,산책로,마트.편의점"", ""데이터기준일자_x"": ""2019-07-12"", ""인허가일자"": ""2018-08-06""}"
2279,2279,우리두리글램핑장,"일반야영장,글램핑",37.366578,128.27244,강원 영월군 무릉도원면 백년계곡길 15-5,0,0,14,0,14,14,14,15,1,0,14,"전기,무선인터넷,장작판매,온수,트렘폴린,물놀이장,산책로,운동시설,마트.편의점",,2019-07-12,2019-06-20,,,,,,,,,,,,,,,"{""Unnamed: 0"": 2279, ""캠핑(야영)장명"": ""우리두리글램핑장"", ""캠핑(야영)장구분"": ""일반야영장,글램핑"", ""위도"": ""37.366578"", ""경도"": ""128.27244"", ""주소_x"": ""강원 영월군 무릉도원면 백년계곡길 15-5"", ""글램핑"": 14, ""화장실"": 14, ""샤워실"": 14, ""개수대"": 14, ""소화기"": 15, ""방화수"": 1, ""화재감지기"": 14, ""기타부대시설 1"": ""전기,무선인터넷,장작판매,온수,트렘폴린,물놀이장,산책로,운동시설,마트.편의점"", ""데이터기준일자_x"": ""2019-07-12"", ""인허가일자"": ""2019-06-20""}"
2280,2280,블루파크,일반야영장,37.8731556,127.278414,경기 포천시 화현면 봉화로 267,0,0,0,0,0,0,0,0,0,0,0,,,2019-07-12,2019-06-03,,,,,,,,,,,,,,,"{""Unnamed: 0"": 2280, ""캠핑(야영)장명"": ""블루파크"", ""캠핑(야영)장구분"": ""일반야영장"", ""위도"": ""37.8731556"", ""경도"": ""127.278414"", ""주소_x"": ""경기 포천시 화현면 봉화로 267"", ""데이터기준일자_x"": ""2019-07-12"", ""인허가일자"": ""2019-06-03""}"
2281,2281,푸른섬 캠핑장,일반야영장,37.2696195,126.5589683,경기 안산시 단원구 연목이길 31-21 (대부북동),0,0,0,0,0,0,0,0,0,0,0,,,2019-07-12,2019-06-04,,,,,,,,,,,,,,,"{""Unnamed: 0"": 2281, ""캠핑(야영)장명"": ""푸른섬 캠핑장"", ""캠핑(야영)장구분"": ""일반야영장"", ""위도"": ""37.2696195"", ""경도"": ""126.5589683"", ""주소_x"": ""경기 안산시 단원구 연목이길 31-21 (대부북동)"", ""데이터기준일자_x"": ""2019-07-12"", ""인허가일자"": ""2019-06-04""}"
2282,2282,뉴욕카라반,"일반야영장,카라반",38.178272,128.6016773,강원 속초시 동해대로 3847-7 (대포동),0,0,0,0,0,0,0,0,0,0,0,,,2019-07-12,2019-06-05,,,,,,,,,,,,,,,"{""Unnamed: 0"": 2282, ""캠핑(야영)장명"": ""뉴욕카라반"", ""캠핑(야영)장구분"": ""일반야영장,카라반"", ""위도"": ""38.178272"", ""경도"": ""128.6016773"", ""주소_x"": ""강원 속초시 동해대로 3847-7 (대포동)"", ""데이터기준일자_x"": ""2019-07-12"", ""인허가일자"": ""2019-06-05""}"
2283,2283,산유리캠핑장,일반야영장,37.7584693,127.5040835,경기 가평군 가평읍 분자골로 91,0,0,0,0,0,0,0,0,0,0,0,,,2019-07-12,2019-06-07,,,,,,,,,,,,,,,"{""Unnamed: 0"": 2283, ""캠핑(야영)장명"": ""산유리캠핑장"", ""캠핑(야영)장구분"": ""일반야영장"", ""위도"": ""37.7584693"", ""경도"": ""127.5040835"", ""주소_x"": ""경기 가평군 가평읍 분자골로 91"", ""데이터기준일자_x"": ""2019-07-12"", ""인허가일자"": ""2019-06-07""}"
2284,2284,금관숲캠핑장,일반야영장,36.620527,127.7257654,충북 청주시 상당구 미원면 운암계원로 628,0,0,0,0,0,0,0,0,0,0,0,,,2019-07-12,2019-06-07,,,,,,,,,,,,,,,"{""Unnamed: 0"": 2284, ""캠핑(야영)장명"": ""금관숲캠핑장"", ""캠핑(야영)장구분"": ""일반야영장"", ""위도"": ""36.620527"", ""경도"": ""127.7257654"", ""주소_x"": ""충북 청주시 상당구 미원면 운암계원로 628"", ""데이터기준일자_x"": ""2019-07-12"", ""인허가일자"": ""2019-06-07""}"
2285,2285,파라다이스캠프,일반야영장,37.3571502,128.2786804,강원 영월군 무릉도원면 무릉법흥로 1128-10,0,0,0,0,0,0,0,0,0,0,0,,,2019-07-12,2019-06-10,,,,,,,,,,,,,,,"{""Unnamed: 0"": 2285, ""캠핑(야영)장명"": ""파라다이스캠프"", ""캠핑(야영)장구분"": ""일반야영장"", ""위도"": ""37.3571502"", ""경도"": ""128.2786804"", ""주소_x"": ""강원 영월군 무릉도원면 무릉법흥로 1128-10"", ""데이터기준일자_x"": ""2019-07-12"", ""인허가일자"": ""2019-06-10""}"
2286,2286,프렌즈캠핑장,일반야영장,37.0041734,128.1326002,충북 제천시 청풍면 청풍명월로 869-9,0,0,0,0,0,0,0,0,0,0,0,,,2019-07-12,2019-06-10,,,,,,,,,,,,,,,"{""Unnamed: 0"": 2286, ""캠핑(야영)장명"": ""프렌즈캠핑장"", ""캠핑(야영)장구분"": ""일반야영장"", ""위도"": ""37.0041734"", ""경도"": ""128.1326002"", ""주소_x"": ""충북 제천시 청풍면 청풍명월로 869-9"", ""데이터기준일자_x"": ""2019-07-12"", ""인허가일자"": ""2019-06-10""}"
2287,2287,범화권역 글램핑장,일반야영장,36.0721393,127.7383092,충북 영동군 학산면 도덕리1길 30,0,0,0,0,0,0,0,0,0,0,0,,,2019-07-12,2019-06-12,,,,,,,,,,,,,,,"{""Unnamed: 0"": 2287, ""캠핑(야영)장명"": ""범화권역 글램핑장"", ""캠핑(야영)장구분"": ""일반야영장"", ""위도"": ""36.0721393"", ""경도"": ""127.7383092"", ""주소_x"": ""충북 영동군 학산면 도덕리1길 30"", ""데이터기준일자_x"": ""2019-07-12"", ""인허가일자"": ""2019-06-12""}"
2288,2288,동양원목캠핑장,자동차야영장,37.2858252,128.2780739,강원 영월군 무릉도원면 명마동길 13,0,0,0,0,0,0,0,0,0,0,0,,,2019-07-12,2019-06-12,,,,,,,,,,,,,,,"{""Unnamed: 0"": 2288, ""캠핑(야영)장명"": ""동양원목캠핑장"", ""캠핑(야영)장구분"": ""자동차야영장"", ""위도"": ""37.2858252"", ""경도"": ""128.2780739"", ""주소_x"": ""강원 영월군 무릉도원면 명마동길 13"", ""데이터기준일자_x"": ""2019-07-12"", ""인허가일자"": ""2019-06-12""}"
2289,2289,오시유,일반야영장,36.6753724,127.0291297,충남 천안시 동남구 광덕면 해수길 178-38,0,0,0,0,0,0,0,0,0,0,0,,,2019-07-12,2019-06-13,,,,,,,,,,,,,,,"{""Unnamed: 0"": 2289, ""캠핑(야영)장명"": ""오시유"", ""캠핑(야영)장구분"": ""일반야영장"", ""위도"": ""36.6753724"", ""경도"": ""127.0291297"", ""주소_x"": ""충남 천안시 동남구 광덕면 해수길 178-38"", ""데이터기준일자_x"": ""2019-07-12"", ""인허가일자"": ""2019-06-13""}"
2290,2290,산중호걸 글램핑,"일반야영장,카라반,글램핑",38.0907243,127.3715966,경기 포천시 이동면 금강로6263번길 182-73,1,0,18,2,0,0,0,0,0,0,0,,,2019-07-12,2019-06-13,,,,,,,,,,,,,,,"{""Unnamed: 0"": 2290, ""캠핑(야영)장명"": ""산중호걸 글램핑"", ""캠핑(야영)장구분"": ""일반야영장,카라반,글램핑"", ""위도"": ""38.0907243"", ""경도"": ""127.3715966"", ""주소_x"": ""경기 포천시 이동면 금강로6263번길 182-73"", ""일반야영장수"": 1, ""글램핑"": 18, ""카라반"": 2, ""데이터기준일자_x"": ""2019-07-12"", ""인허가일자"": ""2019-06-13""}"
2291,2291,용소캠핑장,일반야영장,37.9543807,127.4737477,경기 가평군 북면 가화로 2411-32,0,0,0,0,0,0,0,0,0,0,0,,,2019-07-12,2019-06-14,,,,,,,,,,,,,,,"{""Unnamed: 0"": 2291, ""캠핑(야영)장명"": ""용소캠핑장"", ""캠핑(야영)장구분"": ""일반야영장"", ""위도"": ""37.9543807"", ""경도"": ""127.4737477"", ""주소_x"": ""경기 가평군 북면 가화로 2411-32"", ""데이터기준일자_x"": ""2019-07-12"", ""인허가일자"": ""2019-06-14""}"
2292,2292,(주)프렌디,자동차야영장,36.649177,128.06178,경북 문경시 가은읍 왕능강변길 71,0,0,0,0,0,0,0,0,0,0,0,,,2019-07-12,2019-06-17,,,,,,,,,,,,,,,"{""Unnamed: 0"": 2292, ""캠핑(야영)장명"": ""(주)프렌디"", ""캠핑(야영)장구분"": ""자동차야영장"", ""위도"": ""36.649177"", ""경도"": ""128.06178"", ""주소_x"": ""경북 문경시 가은읍 왕능강변길 71"", ""데이터기준일자_x"": ""2019-07-12"", ""인허가일자"": ""2019-06-17""}"
2293,2293,유수암 캠핑장,일반야영장,33.4228776,126.3938126,제주특별자치도 제주시 애월읍 하소로 684-25,0,0,0,0,0,0,0,0,0,0,0,,,2019-07-12,,,,,,,,,,,,,,,,"{""Unnamed: 0"": 2293, ""캠핑(야영)장명"": ""유수암 캠핑장"", ""캠핑(야영)장구분"": ""일반야영장"", ""위도"": ""33.4228776"", ""경도"": ""126.3938126"", ""주소_x"": ""제주특별자치도 제주시 애월읍 하소로 684-25"", ""데이터기준일자_x"": ""2019-07-12""}"
2294,2294,소백산마을 캠핑장,자동차야영장,36.9496001,128.6153927,경북 영주시 단산면 소백로 3231,0,0,0,0,0,0,0,0,0,0,0,,,2019-07-12,2019-06-21,,,,,,,,,,,,,,,"{""Unnamed: 0"": 2294, ""캠핑(야영)장명"": ""소백산마을 캠핑장"", ""캠핑(야영)장구분"": ""자동차야영장"", ""위도"": ""36.9496001"", ""경도"": ""128.6153927"", ""주소_x"": ""경북 영주시 단산면 소백로 3231"", ""데이터기준일자_x"": ""2019-07-12"", ""인허가일자"": ""2019-06-21""}"
2295,2295,주노글램핑장,일반야영장,37.4719302,129.1538581,강원 동해시 쉬눔길 80 (추암동),0,0,0,0,0,0,0,0,0,0,0,,,2019-07-12,2019-06-25,,,,,,,,,,,,,,,"{""Unnamed: 0"": 2295, ""캠핑(야영)장명"": ""주노글램핑장"", ""캠핑(야영)장구분"": ""일반야영장"", ""위도"": ""37.4719302"", ""경도"": ""129.1538581"", ""주소_x"": ""강원 동해시 쉬눔길 80 (추암동)"", ""데이터기준일자_x"": ""2019-07-12"", ""인허가일자"": ""2019-06-25""}"
2296,2296,말보로맨 오토캠핑장,자동차야영장,38.231233,128.5124325,강원 고성군 토성면 서신평1길 46,0,0,0,0,0,0,0,0,0,0,0,,,2019-07-12,,,,,,,,,,,,,,,,"{""Unnamed: 0"": 2296, ""캠핑(야영)장명"": ""말보로맨 오토캠핑장"", ""캠핑(야영)장구분"": ""자동차야영장"", ""위도"": ""38.231233"", ""경도"": ""128.5124325"", ""주소_x"": ""강원 고성군 토성면 서신평1길 46"", ""데이터기준일자_x"": ""2019-07-12""}"
2297,2297,십리포해수욕장 야영장,일반야영장,37.2819431,126.4863227,인천 옹진군 영흥면 영흥북로 388-1,0,0,0,0,0,0,0,0,0,0,0,,,2019-07-12,2019-06-27,,,,,,,,,,,,,,,"{""Unnamed: 0"": 2297, ""캠핑(야영)장명"": ""십리포해수욕장 야영장"", ""캠핑(야영)장구분"": ""일반야영장"", ""위도"": ""37.2819431"", ""경도"": ""126.4863227"", ""주소_x"": ""인천 옹진군 영흥면 영흥북로 388-1"", ""데이터기준일자_x"": ""2019-07-12"", ""인허가일자"": ""2019-06-27""}"
2298,2298,풀무골 글램핑장,자동차야영장,37.122232,127.286738,경기 안성시 고삼면 쌍지길 292,0,0,0,0,0,0,0,0,0,0,0,,,2019-07-12,2019-06-27,,,,,,,,,,,,,,,"{""Unnamed: 0"": 2298, ""캠핑(야영)장명"": ""풀무골 글램핑장"", ""캠핑(야영)장구분"": ""자동차야영장"", ""위도"": ""37.122232"", ""경도"": ""127.286738"", ""주소_x"": ""경기 안성시 고삼면 쌍지길 292"", ""데이터기준일자_x"": ""2019-07-12"", ""인허가일자"": ""2019-06-27""}"
2299,2299,어거스트캠핑장,일반야영장,37.8181789,127.2275313,경기 포천시 가산면 우금3길 142-29,6,0,0,0,0,0,0,0,0,0,0,,,2019-07-12,2019-06-28,,,,,,,,,,,,,,,"{""Unnamed: 0"": 2299, ""캠핑(야영)장명"": ""어거스트캠핑장"", ""캠핑(야영)장구분"": ""일반야영장"", ""위도"": ""37.8181789"", ""경도"": ""127.2275313"", ""주소_x"": ""경기 포천시 가산면 우금3길 142-29"", ""일반야영장수"": 6, ""데이터기준일자_x"": ""2019-07-12"", ""인허가일자"": ""2019-06-28""}"
